fips,state,county,population
1000,Alabama,,1232042
1001,Alabama,Autauga,14438
1003,Alabama,Baldwin,48703
1005,Alabama,Barbour,6779
1007,Alabama,Bibb,5970
1009,Alabama,Blount,13939
1011,Alabama,Bullock,2719
1013,Alabama,Butler,4825
1015,Alabama,Calhoun,28862
1017,Alabama,Chambers,7664
1019,Alabama,Cherokee,5446
1021,Alabama,Chilton,11437
1023,Alabama,Choctaw,2772
1025,Alabama,Clarke,5514
1027,Alabama,Clay,2848
1029,Alabama,Cleburne,3530
1031,Alabama,Coffee,13238
1033,Alabama,Colbert,13032
1035,Alabama,Conecuh,2639
1037,Alabama,Coosa,2419
1039,Alabama,Covington,8392
1041,Alabama,Crenshaw,3309
1043,Alabama,Cullman,20344
1045,Alabama,Dale,12942
1047,Alabama,Dallas,9129
1049,Alabama,DeKalb,17609
1051,Alabama,Elmore,22298
1053,Alabama,Escambia,9784
1055,Alabama,Etowah,25037
1057,Alabama,Fayette,3774
1059,Alabama,Franklin,7965
1061,Alabama,Geneva,6089
1063,Alabama,Greene,1772
1065,Alabama,Hale,3317
1067,Alabama,Henry,3795
1069,Alabama,Houston,26565
1071,Alabama,Jackson,12476
1073,Alabama,Jefferson,178732
1075,Alabama,Lamar,3034
1077,Alabama,Lauderdale,21159
1079,Alabama,Lawrence,7974
1081,Alabama,Lee,42103
1083,Alabama,Limestone,24779
1085,Alabama,Lowndes,2349
1087,Alabama,Macon,3803
1089,Alabama,Madison,92857
1091,Alabama,Marengo,4549
1093,Alabama,Marion,6769
1095,Alabama,Marshall,23252
1097,Alabama,Mobile,106776
1099,Alabama,Monroe,4673
1101,Alabama,Montgomery,61518
1103,Alabama,Morgan,29634
1105,Alabama,Perry,1929
1107,Alabama,Pickens,5018
1109,Alabama,Pike,7311
1111,Alabama,Randolph,5042
1113,Alabama,Russell,16355
1115,Alabama,St. Clair,22679
1117,Alabama,Shelby,56097
1119,Alabama,Sumter,2371
1121,Alabama,Talladega,19907
1123,Alabama,Tallapoosa,8632
1125,Alabama,Tuscaloosa,54988
1127,Alabama,Walker,15200
1129,Alabama,Washington,3458
1131,Alabama,Wilcox,2464
1133,Alabama,Winston,5259
2000,Alaska,,211198
2013,Alaska,Aleutians East,999
2016,Alaska,Aleutians West,1852
2020,Alaska,Anchorage,89484
2050,Alaska,Bethel,4705
2060,Alaska,Bristol Bay,226
2068,Alaska,Denali,561
2070,Alaska,Dillingham,1285
2090,Alaska,Fairbanks North Star,30547
2100,Alaska,Haines,618
2105,Alaska,Hoonah-Angoon,444
2110,Alaska,Juneau,9218
2122,Alaska,Kenai Peninsula,14143
2130,Alaska,Ketchikan Gateway,3573
2150,Alaska,Kodiak Island,4067
2158,Alaska,Kusilvak,1986
2164,Alaska,Lake and Peninsula,361
2170,Alaska,Matanuska-Susitna,28351
2180,Alaska,Nome,2607
2185,Alaska,North Slope,2889
2188,Alaska,Northwest Arctic,2033
2195,Alaska,Petersburg,654
2198,Alaska,Prince of Wales-Hyder,1504
2220,Alaska,Sitka,2471
2230,Alaska,Skagway,371
2240,Alaska,Southeast Fairbanks,1728
2261,Alaska,Valdez-Cordova,2512
2275,Alaska,Wrangell,471
2282,Alaska,Yakutat,180
2290,Alaska,Yukon-Koyukuk,1358
4000,Arizona,,1801031
4001,Arizona,Apache,16568
4003,Arizona,Cochise,29676
4005,Arizona,Coconino,34421
4007,Arizona,Gila,9700
4009,Arizona,Graham,10473
4011,Arizona,Greenlee,2685
4012,Arizona,La Paz,3368
4013,Arizona,Maricopa,1173229
4015,Arizona,Mohave,39698
4017,Arizona,Navajo,24940
4019,Arizona,Pima,243726
4021,Arizona,Pinal,110745
4023,Arizona,Santa Cruz,10128
4025,Arizona,Yavapai,40336
4027,Arizona,Yuma,51338
5000,Arkansas,,758003
5001,Arkansas,Arkansas,4209
5003,Arkansas,Ashley,4408
5005,Arkansas,Baxter,7768
5007,Arkansas,Benton,74932
5009,Arkansas,Boone,8624
5011,Arkansas,Bradley,2632
5013,Arkansas,Calhoun,1137
5015,Arkansas,Carroll,5755
5017,Arkansas,Chicot,2422
5019,Arkansas,Clark,4412
5021,Arkansas,Clay,3397
5023,Arkansas,Cleburne,5044
5025,Arkansas,Cleveland,1776
5027,Arkansas,Columbia,5124
5029,Arkansas,Conway,4904
5031,Arkansas,Craighead,29956
5033,Arkansas,Crawford,15450
5035,Arkansas,Crittenden,12283
5037,Arkansas,Cross,3941
5039,Arkansas,Dallas,1625
5041,Arkansas,Desha,2633
5043,Arkansas,Drew,4132
5045,Arkansas,Faulkner,32835
5047,Arkansas,Franklin,4002
5049,Arkansas,Fulton,2311
5051,Arkansas,Garland,21922
5053,Arkansas,Grant,4367
5055,Arkansas,Greene,11530
5057,Arkansas,Hempstead,4809
5059,Arkansas,Hot Spring,8572
5061,Arkansas,Howard,3082
5063,Arkansas,Independence,9052
5065,Arkansas,Izard,2804
5067,Arkansas,Jackson,4763
5069,Arkansas,Jefferson,17260
5071,Arkansas,Johnson,6328
5073,Arkansas,Lafayette,1393
5075,Arkansas,Lawrence,3735
5077,Arkansas,Lee,2624
5079,Arkansas,Lincoln,4454
5081,Arkansas,Little River,3002
5083,Arkansas,Logan,5135
5085,Arkansas,Lonoke,20305
5087,Arkansas,Madison,3533
5089,Arkansas,Marion,2892
5091,Arkansas,Miller,11270
5093,Arkansas,Mississippi,10727
5095,Arkansas,Monroe,1353
5097,Arkansas,Montgomery,1648
5099,Arkansas,Nevada,1744
5101,Arkansas,Newton,1494
5103,Arkansas,Ouachita,5414
5105,Arkansas,Perry,2293
5107,Arkansas,Phillips,4087
5109,Arkansas,Pike,2427
5111,Arkansas,Poinsett,5780
5113,Arkansas,Polk,4374
5115,Arkansas,Pope,15274
5117,Arkansas,Prairie,1701
5119,Arkansas,Pulaski,109122
5121,Arkansas,Randolph,4248
5123,Arkansas,St. Francis,7601
5125,Arkansas,Saline,31562
5127,Arkansas,Scott,2176
5129,Arkansas,Searcy,1645
5131,Arkansas,Sebastian,32358
5133,Arkansas,Sevier,4323
5135,Arkansas,Sharp,3268
5137,Arkansas,Stone,2331
5139,Arkansas,Union,9483
5141,Arkansas,Van Buren,3273
5143,Arkansas,Washington,64572
5145,Arkansas,White,18800
5147,Arkansas,Woodruff,1319
5149,Arkansas,Yell,5062
6000,California,,11089177
6001,California,Alameda,516424
6003,California,Alpine,231
6005,California,Amador,8073
6007,California,Butte,52758
6009,California,Calaveras,8141
6011,California,Colusa,5401
6013,California,Contra Costa,295476
6015,California,Del Norte,7529
6017,California,El Dorado,39305
6019,California,Fresno,269117
6021,California,Glenn,6832
6023,California,Humboldt,35373
6025,California,Imperial,48043
6027,California,Inyo,4065
6029,California,Kern,246474
6031,California,Kings,45669
6033,California,Lake,13679
6035,California,Lassen,10640
6037,California,Los Angeles,2997389
6039,California,Madera,41051
6041,California,Marin,54573
6043,California,Mariposa,3499
6045,California,Mendocino,20088
6047,California,Merced,71483
6049,California,Modoc,1988
6051,California,Mono,3827
6053,California,Monterey,119258
6055,California,Napa,35038
6057,California,Nevada,20726
6059,California,Orange,869040
6061,California,Placer,90501
6063,California,Plumas,3558
6065,California,Riverside,632544
6067,California,Sacramento,432095
6069,California,San Benito,15535
6071,California,San Bernardino,593129
6073,California,San Diego,978240
6075,California,San Francisco,340224
6077,California,San Joaquin,195573
6079,California,San Luis Obispo,62808
6081,California,San Mateo,222084
6083,California,Santa Barbara,109098
6085,California,Santa Clara,585883
6087,California,Santa Cruz,65427
6089,California,Shasta,41872
6091,California,Sierra,567
6093,California,Siskiyou,8725
6095,California,Solano,117987
6097,California,Sonoma,127183
6099,California,Stanislaus,145266
6101,California,Sutter,24925
6103,California,Tehama,14541
6105,California,Trinity,2475
6107,California,Tulare,122186
6109,California,Tuolumne,12232
6111,California,Ventura,217770
6113,California,Yolo,54436
6115,California,Yuba,21123
8000,Colorado,,1598434
8001,Colorado,Adams,153466
8003,Colorado,Alamosa,4021
8005,Colorado,Arapahoe,188738
8007,Colorado,Archuleta,2559
8009,Colorado,Baca,749
8011,Colorado,Bent,2043
8013,Colorado,Boulder,84717
8014,Colorado,Broomfield,19680
8015,Colorado,Chaffee,4580
8017,Colorado,Cheyenne,437
8019,Colorado,Clear Creek,2166
8021,Colorado,Conejos,1722
8023,Colorado,Costilla,592
8025,Colorado,Crowley,1678
8027,Colorado,Custer,551
8029,Colorado,Delta,6160
8031,Colorado,Denver,266837
8033,Colorado,Dolores,368
8035,Colorado,Douglas,85839
8037,Colorado,Eagle,17666
8039,Colorado,Elbert,4825
8041,Colorado,El Paso,193749
8043,Colorado,Fremont,12944
8045,Colorado,Garfield,16351
8047,Colorado,Gilpin,1609
8049,Colorado,Grand,4109
8051,Colorado,Gunnison,4501
8053,Colorado,Hinsdale,133
8055,Colorado,Huerfano,1158
8057,Colorado,Jackson,239
8059,Colorado,Jefferson,157065
8061,Colorado,Kiowa,284
8063,Colorado,Kit Carson,2021
8065,Colorado,Lake,2439
8067,Colorado,La Plata,14900
8069,Colorado,Larimer,89714
8071,Colorado,Las Animas,3182
8073,Colorado,Lincoln,1771
8075,Colorado,Logan,5420
8077,Colorado,Mesa,37164
8079,Colorado,Mineral,142
8081,Colorado,Moffat,3463
8083,Colorado,Montezuma,5380
8085,Colorado,Montrose,8694
8087,Colorado,Morgan,6961
8089,Colorado,Otero,4120
8091,Colorado,Ouray,984
8093,Colorado,Park,3489
8095,Colorado,Phillips,939
8097,Colorado,Pitkin,5095
8099,Colorado,Prowers,2651
8101,Colorado,Pueblo,40336
8103,Colorado,Rio Blanco,1554
8105,Colorado,Rio Grande,2437
8107,Colorado,Routt,7452
8109,Colorado,Saguache,1201
8111,Colorado,San Juan,129
8113,Colorado,San Miguel,2540
8115,Colorado,Sedgwick,445
8117,Colorado,Summit,10449
8119,Colorado,Teller,4606
8121,Colorado,Washington,1121
8123,Colorado,Weld,83759
8125,Colorado,Yuma,2340
9000,Connecticut,,866871
9001,Connecticut,Fairfield,226868
9003,Connecticut,Hartford,226349
9005,Connecticut,Litchfield,37724
9007,Connecticut,Middlesex,36131
9009,Connecticut,New Haven,215010
9011,Connecticut,New London,64700
9013,Connecticut,Tolland,31630
9015,Connecticut,Windham,28459
10000,Delaware,,236596
10001,Delaware,Kent,43753
10003,Delaware,New Castle,148776
10005,Delaware,Sussex,44067
11000,District of Columbia,,258892
11001,District of Columbia,District of Columbia,258892
12000,Florida,,5159707
12001,Florida,Alachua,68588
12003,Florida,Baker,7189
12005,Florida,Bay,48223
12007,Florida,Bradford,7655
12009,Florida,Brevard,122912
12011,Florida,Broward,513183
12013,Florida,Calhoun,3888
12015,Florida,Charlotte,26352
12017,Florida,Citrus,22755
12019,Florida,Clay,52644
12021,Florida,Collier,70926
12023,Florida,Columbia,16799
12027,Florida,DeSoto,9559
12029,Florida,Dixie,3699
12031,Florida,Duval,267967
12033,Florida,Escambia,78718
12035,Florida,Flagler,20088
12037,Florida,Franklin,3102
12039,Florida,Gadsden,11565
12041,Florida,Gilchrist,3611
12043,Florida,Glades,3118
12045,Florida,Gulf,4363
12047,Florida,Hamilton,3767
12049,Florida,Hardee,6898
12051,Florida,Hendry,10603
12053,Florida,Hernando,36940
12055,Florida,Highlands,18673
12057,Florida,Hillsborough,395227
12059,Florida,Holmes,4847
12061,Florida,Indian River,27222
12063,Florida,Jackson,13234
12065,Florida,Jefferson,3508
12067,Florida,Lafayette,2642
12069,Florida,Lake,71776
12071,Florida,Lee,152459
12073,Florida,Leon,72500
12075,Florida,Levy,8332
12077,Florida,Liberty,2316
12079,Florida,Madison,4725
12081,Florida,Manatee,77754
12083,Florida,Marion,71087
12085,Florida,Martin,29071
12086,Florida,Miami-Dade,769316
12087,Florida,Monroe,18851
12089,Florida,Nassau,18595
12091,Florida,Okaloosa,55808
12093,Florida,Okeechobee,10100
12095,Florida,Orange,407881
12097,Florida,Osceola,97530
12099,Florida,Palm Beach,338467
12101,Florida,Pasco,117692
12103,Florida,Pinellas,218756
12105,Florida,Polk,163757
12107,Florida,Putnam,15426
12109,Florida,St. Johns,53615
12111,Florida,St. Lucie,68348
12113,Florida,Santa Rosa,45073
12115,Florida,Sarasota,70148
12117,Florida,Seminole,127124
12119,Florida,Sumter,14509
12121,Florida,Suwannee,10431
12123,Florida,Taylor,5989
12125,Florida,Union,4701
12127,Florida,Volusia,115258
12129,Florida,Wakulla,9096
12131,Florida,Walton,16154
12133,Florida,Washington,6597
13000,Georgia,,2792335
13001,Georgia,Appling,4350
13003,Georgia,Atkinson,2183
13005,Georgia,Bacon,3032
13007,Georgia,Baker,664
13009,Georgia,Baldwin,10257
13011,Georgia,Banks,4526
13013,Georgia,Barrow,22362
13015,Georgia,Bartow,27042
13017,Georgia,Ben Hill,4060
13019,Georgia,Berrien,4699
13021,Georgia,Bibb,38571
13023,Georgia,Bleckley,2536
13025,Georgia,Brantley,4373
13027,Georgia,Brooks,3647
13029,Georgia,Bryan,10537
13031,Georgia,Bulloch,18015
13033,Georgia,Burke,5312
13035,Georgia,Butts,6742
13037,Georgia,Calhoun,2134
13039,Georgia,Camden,14232
13043,Georgia,Candler,2651
13045,Georgia,Carroll,29783
13047,Georgia,Catoosa,16855
13049,Georgia,Charlton,3351
13051,Georgia,Chatham,82867
13053,Georgia,Chattahoochee,3401
13055,Georgia,Chattooga,6238
13057,Georgia,Cherokee,63716
13059,Georgia,Clarke,34598
13061,Georgia,Clay,686
13063,Georgia,Clayton,80454
13065,Georgia,Clinch,1746
13067,Georgia,Cobb,215231
13069,Georgia,Coffee,11413
13071,Georgia,Colquitt,11651
13073,Georgia,Columbia,40971
13075,Georgia,Cook,4211
13077,Georgia,Coweta,36185
13079,Georgia,Crawford,2778
13081,Georgia,Crisp,5156
13083,Georgia,Dade,3724
13085,Georgia,Dawson,5611
13087,Georgia,Decatur,6596
13089,Georgia,DeKalb,231876
13091,Georgia,Dodge,5495
13093,Georgia,Dooly,3461
13095,Georgia,Dougherty,22758
13097,Georgia,Douglas,37779
13099,Georgia,Early,2260
13101,Georgia,Echols,1125
13103,Georgia,Effingham,16211
13105,Georgia,Elbert,4458
13107,Georgia,Emanuel,5730
13109,Georgia,Evans,2840
13111,Georgia,Fannin,4623
13113,Georgia,Fayette,22145
13115,Georgia,Floyd,23786
13117,Georgia,Forsyth,57262
13119,Georgia,Franklin,5077
13121,Georgia,Fulton,318209
13123,Georgia,Gilmer,6063
13125,Georgia,Glascock,640
13127,Georgia,Glynn,19951
13129,Georgia,Gordon,14529
13131,Georgia,Grady,6016
13133,Georgia,Greene,3428
13135,Georgia,Gwinnett,253897
13137,Georgia,Habersham,10396
13139,Georgia,Hall,50520
13141,Georgia,Hancock,2254
13143,Georgia,Haralson,7077
13145,Georgia,Harris,7461
13147,Georgia,Hart,5951
13149,Georgia,Heard,2772
13151,Georgia,Henry,57650
13153,Georgia,Houston,42195
13155,Georgia,Irwin,2267
13157,Georgia,Jackson,17662
13159,Georgia,Jasper,3185
13161,Georgia,Jeff Davis,3839
13163,Georgia,Jefferson,3726
13165,Georgia,Jenkins,1610
13167,Georgia,Johnson,2433
13169,Georgia,Jones,6923
13171,Georgia,Lamar,4147
13173,Georgia,Lanier,2973
13175,Georgia,Laurens,11381
13177,Georgia,Lee,8188
13179,Georgia,Liberty,18800
13181,Georgia,Lincoln,1683
13183,Georgia,Long,5522
13185,Georgia,Lowndes,30039
13187,Georgia,Lumpkin,6705
13189,Georgia,McDuffie,5142
13191,Georgia,McIntosh,2811
13193,Georgia,Macon,3635
13195,Georgia,Madison,6973
13197,Georgia,Marion,1860
13199,Georgia,Meriwether,4747
13201,Georgia,Miller,1405
13205,Georgia,Mitchell,5950
13207,Georgia,Monroe,6317
13209,Georgia,Montgomery,2117
13211,Georgia,Morgan,3560
13213,Georgia,Murray,10097
13215,Georgia,Muscogee,56665
13217,Georgia,Newton,27490
13219,Georgia,Oconee,8468
13221,Georgia,Oglethorpe,3770
13223,Georgia,Paulding,43366
13225,Georgia,Peach,6343
13227,Georgia,Pickens,6866
13229,Georgia,Pierce,4704
13231,Georgia,Pike,4504
13233,Georgia,Polk,10566
13235,Georgia,Pulaski,3116
13237,Georgia,Putnam,4433
13239,Georgia,Quitman,526
13241,Georgia,Rabun,3515
13243,Georgia,Randolph,1471
13245,Georgia,Richmond,56013
13247,Georgia,Rockdale,21346
13249,Georgia,Schley,1267
13251,Georgia,Screven,3227
13253,Georgia,Seminole,1848
13255,Georgia,Spalding,16280
13257,Georgia,Stephens,5419
13259,Georgia,Stewart,2251
13261,Georgia,Sumter,6940
13263,Georgia,Talbot,1242
13265,Georgia,Taliaferro,429
13267,Georgia,Tattnall,7878
13269,Georgia,Taylor,1666
13271,Georgia,Telfair,5101
13273,Georgia,Terrell,2065
13275,Georgia,Thomas,10662
13277,Georgia,Tift,10438
13279,Georgia,Toombs,6842
13281,Georgia,Towns,1640
13283,Georgia,Treutlen,1704
13285,Georgia,Troup,17881
13287,Georgia,Turner,2133
13289,Georgia,Twiggs,1811
13291,Georgia,Union,3940
13293,Georgia,Upson,6009
13295,Georgia,Walker,16683
13297,Georgia,Walton,22130
13299,Georgia,Ware,9214
13301,Georgia,Warren,1234
13303,Georgia,Washington,5096
13305,Georgia,Wayne,7866
13307,Georgia,Webster,496
13309,Georgia,Wheeler,2449
13311,Georgia,White,5935
13313,Georgia,Whitfield,27254
13315,Georgia,Wilcox,2538
13317,Georgia,Wilkes,1949
13319,Georgia,Wilkinson,2073
13321,Georgia,Worth,4844
15000,Hawaii,,383079
15001,Hawaii,Hawaii,46752
15003,Hawaii,Honolulu,275666
15005,Hawaii,Kalawao,16
15007,Hawaii,Kauai,17447
15009,Hawaii,Maui,43198
16000,Idaho,,429410
16001,Idaho,Ada,126673
16003,Idaho,Adams,674
16005,Idaho,Bannock,23439
16007,Idaho,Bear Lake,1296
16009,Idaho,Benewah,1735
16011,Idaho,Bingham,10655
16013,Idaho,Blaine,4916
16015,Idaho,Boise,1215
16017,Idaho,Bonner,8732
16019,Idaho,Bonneville,29514
16021,Idaho,Boundary,2394
16023,Idaho,Butte,582
16025,Idaho,Camas,158
16027,Idaho,Canyon,55063
16029,Idaho,Caribou,1610
16031,Idaho,Cassia,5633
16033,Idaho,Clark,269
16035,Idaho,Clearwater,1797
16037,Idaho,Custer,655
16039,Idaho,Elmore,7036
16041,Idaho,Franklin,3200
16043,Idaho,Fremont,3029
16045,Idaho,Gem,3217
16047,Idaho,Gooding,3357
16049,Idaho,Idaho,2986
16051,Idaho,Jefferson,7001
16053,Idaho,Jerome,5982
16055,Idaho,Kootenai,37742
16057,Idaho,Latah,9072
16059,Idaho,Lemhi,1390
16061,Idaho,Lewis,691
16063,Idaho,Lincoln,1362
16065,Idaho,Madison,9049
16067,Idaho,Minidoka,4908
16069,Idaho,Nez Perce,9736
16071,Idaho,Oneida,842
16073,Idaho,Owyhee,2566
16075,Idaho,Payette,5090
16077,Idaho,Power,1796
16079,Idaho,Shoshone,2569
16081,Idaho,Teton,3327
16083,Idaho,Twin Falls,22027
16085,Idaho,Valley,2408
16087,Idaho,Washington,2017
17000,Illinois,,3431354
17001,Illinois,Adams,15696
17003,Illinois,Alexander,1401
17005,Illinois,Bond,4171
17007,Illinois,Boone,12451
17009,Illinois,Brown,2256
17011,Illinois,Bureau,7216
17013,Illinois,Calhoun,964
17015,Illinois,Carroll,2972
17017,Illinois,Cass,3132
17019,Illinois,Champaign,53335
17021,Illinois,Christian,7977
17023,Illinois,Clark,3532
17025,Illinois,Clay,2943
17027,Illinois,Clinton,9846
17029,Illinois,Coles,12419
17031,Illinois,Cook,1557994
17033,Illinois,Crawford,4959
17035,Illinois,Cumberland,2536
17037,Illinois,DeKalb,26014
17039,Illinois,De Witt,3756
17041,Illinois,Douglas,4780
17043,Illinois,DuPage,238421
17045,Illinois,Edgar,4004
17047,Illinois,Edwards,1409
17049,Illinois,Effingham,8365
17051,Illinois,Fayette,5418
17053,Illinois,Ford,3020
17055,Illinois,Franklin,9202
17057,Illinois,Fulton,8781
17059,Illinois,Gallatin,1150
17061,Illinois,Greene,3103
17063,Illinois,Grundy,13469
17065,Illinois,Hamilton,1807
17067,Illinois,Hancock,3766
17069,Illinois,Hardin,929
17071,Illinois,Henderson,1294
17073,Illinois,Henry,11140
17075,Illinois,Iroquois,6039
17077,Illinois,Jackson,14384
17079,Illinois,Jasper,2121
17081,Illinois,Jefferson,9395
17083,Illinois,Jersey,4839
17085,Illinois,Jo Daviess,4172
17087,Illinois,Johnson,3173
17089,Illinois,Kane,136485
17091,Illinois,Kankakee,26583
17093,Illinois,Kendall,36285
17095,Illinois,Knox,11509
17097,Illinois,Lake,166930
17099,Illinois,LaSalle,26330
17101,Illinois,Lawrence,4605
17103,Illinois,Lee,8453
17105,Illinois,Livingston,8529
17107,Illinois,Logan,7524
17109,Illinois,McDonough,6548
17111,Illinois,McHenry,73353
17113,Illinois,McLean,43694
17115,Illinois,Macon,24788
17117,Illinois,Macoupin,10438
17119,Illinois,Madison,68146
17121,Illinois,Marion,8767
17123,Illinois,Marshall,2435
17125,Illinois,Mason,2999
17127,Illinois,Massac,3304
17129,Illinois,Menard,2779
17131,Illinois,Mercer,3383
17133,Illinois,Monroe,7912
17135,Illinois,Montgomery,7105
17137,Illinois,Morgan,8281
17139,Illinois,Moultrie,3393
17141,Illinois,Ogle,11752
17143,Illinois,Peoria,47877
17145,Illinois,Perry,5654
17147,Illinois,Piatt,3780
17149,Illinois,Pike,3524
17151,Illinois,Pope,735
17153,Illinois,Pulaski,1209
17155,Illinois,Putnam,1192
17157,Illinois,Randolph,8704
17159,Illinois,Richland,3638
17161,Illinois,Rock Island,35290
17163,Illinois,St. Clair,67886
17165,Illinois,Saline,5684
17167,Illinois,Sangamon,49419
17169,Illinois,Schuyler,1638
17171,Illinois,Scott,1092
17173,Illinois,Shelby,4739
17175,Illinois,Stark,1136
17177,Illinois,Stephenson,9224
17179,Illinois,Tazewell,33679
17181,Illinois,Union,4079
17183,Illinois,Vermilion,18273
17185,Illinois,Wabash,2615
17187,Illinois,Warren,3818
17189,Illinois,Washington,3289
17191,Illinois,Wayne,3677
17193,Illinois,White,3120
17195,Illinois,Whiteside,12422
17197,Illinois,Will,176100
17199,Illinois,Williamson,17321
17201,Illinois,Winnebago,69747
17203,Illinois,Woodford,8732
18000,Indiana,,1678646
18001,Indiana,Adams,7840
18003,Indiana,Allen,96187
18005,Indiana,Bartholomew,22054
18007,Indiana,Benton,1973
18009,Indiana,Blackford,2624
18011,Indiana,Boone,16231
18013,Indiana,Brown,2945
18015,Indiana,Carroll,4563
18017,Indiana,Cass,9027
18019,Indiana,Clark,31532
18021,Indiana,Clay,6363
18023,Indiana,Clinton,7695
18025,Indiana,Crawford,2367
18027,Indiana,Daviess,7613
18029,Indiana,Dearborn,11265
18031,Indiana,Decatur,6325
18033,Indiana,DeKalb,10279
18035,Indiana,Delaware,24547
18037,Indiana,Dubois,9656
18039,Indiana,Elkhart,50889
18041,Indiana,Fayette,5292
18043,Indiana,Floyd,19041
18045,Indiana,Fountain,3717
18047,Indiana,Franklin,5066
18049,Indiana,Fulton,4594
18051,Indiana,Gibson,7882
18053,Indiana,Grant,14253
18055,Indiana,Greene,7406
18057,Indiana,Hamilton,85634
18059,Indiana,Hancock,18154
18061,Indiana,Harrison,9420
18063,Indiana,Hendricks,43616
18065,Indiana,Henry,11993
18067,Indiana,Howard,19190
18069,Indiana,Huntington,8674
18071,Indiana,Jackson,11323
18073,Indiana,Jasper,7749
18075,Indiana,Jay,4579
18077,Indiana,Jefferson,7627
18079,Indiana,Jennings,6455
18081,Indiana,Johnson,40809
18083,Indiana,Knox,8500
18085,Indiana,Kosciusko,19141
18087,Indiana,LaGrange,8827
18089,Indiana,Lake,120673
18091,Indiana,LaPorte,28041
18093,Indiana,Lawrence,10560
18095,Indiana,Madison,32467
18097,Indiana,Marion,278548
18099,Indiana,Marshall,10417
18101,Indiana,Martin,2296
18103,Indiana,Miami,9372
18105,Indiana,Monroe,36197
18107,Indiana,Montgomery,8701
18109,Indiana,Morgan,16016
18111,Indiana,Newton,3345
18113,Indiana,Noble,11402
18115,Indiana,Ohio,1301
18117,Indiana,Orange,4384
18119,Indiana,Owen,4510
18121,Indiana,Parke,4143
18123,Indiana,Perry,4909
18125,Indiana,Pike,2736
18127,Indiana,Porter,42366
18129,Indiana,Posey,5897
18131,Indiana,Pulaski,2889
18133,Indiana,Putnam,8753
18135,Indiana,Randolph,5635
18137,Indiana,Ripley,6415
18139,Indiana,Rush,3757
18141,Indiana,St. Joseph,67150
18143,Indiana,Scott,5749
18145,Indiana,Shelby,10659
18147,Indiana,Spencer,4529
18149,Indiana,Starke,5286
18151,Indiana,Steuben,7228
18153,Indiana,Sullivan,5549
18155,Indiana,Switzerland,2416
18157,Indiana,Tippecanoe,46817
18159,Indiana,Tipton,3313
18161,Indiana,Union,1546
18163,Indiana,Vanderburgh,47105
18165,Indiana,Vermillion,3559
18167,Indiana,Vigo,26197
18169,Indiana,Wabash,6875
18171,Indiana,Warren,1797
18173,Indiana,Warrick,14771
18175,Indiana,Washington,6552
18177,Indiana,Wayne,15265
18179,Indiana,Wells,6378
18181,Indiana,White,5302
18183,Indiana,Whitley,7956
19000,Iowa,,764550
19001,Iowa,Adair,1515
19003,Iowa,Adams,775
19005,Iowa,Allamakee,2775
19007,Iowa,Appanoose,2619
19009,Iowa,Audubon,1066
19011,Iowa,Benton,5645
19013,Iowa,Black Hawk,32033
19015,Iowa,Boone,6436
19017,Iowa,Bremer,5483
19019,Iowa,Buchanan,4878
19021,Iowa,Buena Vista,4753
19023,Iowa,Butler,3149
19025,Iowa,Calhoun,2121
19027,Iowa,Carroll,4310
19029,Iowa,Cass,2842
19031,Iowa,Cedar,4233
19033,Iowa,Cerro Gordo,9458
19035,Iowa,Cherokee,2290
19037,Iowa,Chickasaw,2420
19039,Iowa,Clarke,2171
19041,Iowa,Clay,3680
19043,Iowa,Clayton,3445
19045,Iowa,Clinton,10452
19047,Iowa,Crawford,3928
19049,Iowa,Dallas,25687
19051,Iowa,Davis,1880
19053,Iowa,Decatur,1463
19055,Iowa,Delaware,3514
19057,Iowa,Des Moines,8968
19059,Iowa,Dickinson,3502
19061,Iowa,Dubuque,22707
19063,Iowa,Emmet,1922
19065,Iowa,Fayette,4099
19067,Iowa,Floyd,3168
19069,Iowa,Franklin,2231
19071,Iowa,Fremont,1458
19073,Iowa,Greene,1821
19075,Iowa,Grundy,2791
19077,Iowa,Guthrie,2107
19079,Iowa,Hamilton,3408
19081,Iowa,Hancock,2319
19083,Iowa,Hardin,3665
19085,Iowa,Harrison,3066
19087,Iowa,Henry,4776
19089,Iowa,Howard,1910
19091,Iowa,Humboldt,2114
19093,Iowa,Ida,1397
19095,Iowa,Iowa,3547
19097,Iowa,Jackson,3997
19099,Iowa,Jasper,8752
19101,Iowa,Jefferson,4186
19103,Iowa,Johnson,40672
19105,Iowa,Jones,4814
19107,Iowa,Keokuk,2153
19109,Iowa,Kossuth,2993
19111,Iowa,Lee,7764
19113,Iowa,Linn,58564
19115,Iowa,Louisa,2639
19117,Iowa,Lucas,1680
19119,Iowa,Lyon,2686
19121,Iowa,Madison,3629
19123,Iowa,Mahaska,5163
19125,Iowa,Marion,7243
19127,Iowa,Marshall,9231
19129,Iowa,Mills,3274
19131,Iowa,Mitchell,2109
19133,Iowa,Monona,1861
19135,Iowa,Monroe,1675
19137,Iowa,Montgomery,2078
19139,Iowa,Muscatine,10495
19141,Iowa,O'Brien,2990
19143,Iowa,Osceola,1272
19145,Iowa,Page,3629
19147,Iowa,Palo Alto,2017
19149,Iowa,Plymouth,5394
19151,Iowa,Pocahontas,1286
19153,Iowa,Polk,138091
19155,Iowa,Pottawattamie,22370
19157,Iowa,Poweshiek,3650
19159,Iowa,Ringgold,985
19161,Iowa,Sac,1896
19163,Iowa,Scott,44802
19165,Iowa,Shelby,2301
19167,Iowa,Sioux,7754
19169,Iowa,Story,21999
19171,Iowa,Tama,3507
19173,Iowa,Taylor,1333
19175,Iowa,Union,2827
19177,Iowa,Van Buren,1444
19179,Iowa,Wapello,8613
19181,Iowa,Warren,11686
19183,Iowa,Washington,4966
19185,Iowa,Wayne,1329
19187,Iowa,Webster,8544
19189,Iowa,Winnebago,2170
19191,Iowa,Winneshiek,3917
19193,Iowa,Woodbury,25815
19195,Iowa,Worth,1584
19197,Iowa,Wright,2724
20000,Kansas,,733611
20001,Kansas,Allen,2708
20003,Kansas,Anderson,1585
20005,Kansas,Atchison,3294
20007,Kansas,Barber,989
20009,Kansas,Barton,6256
20011,Kansas,Bourbon,3144
20013,Kansas,Brown,2024
20015,Kansas,Butler,16140
20017,Kansas,Chase,542
20019,Kansas,Chautauqua,659
20021,Kansas,Cherokee,4447
20023,Kansas,Cheyenne,538
20025,Kansas,Clark,406
20027,Kansas,Clay,1794
20029,Kansas,Cloud,1893
20031,Kansas,Coffey,1777
20033,Kansas,Comanche,327
20035,Kansas,Cowley,8260
20037,Kansas,Crawford,8909
20039,Kansas,Decatur,557
20041,Kansas,Dickinson,4501
20043,Kansas,Doniphan,1590
20045,Kansas,Douglas,31364
20047,Kansas,Edwards,645
20049,Kansas,Elk,412
20051,Kansas,Ellis,6864
20053,Kansas,Ellsworth,1538
20055,Kansas,Finney,9383
20057,Kansas,Ford,8956
20059,Kansas,Franklin,5831
20061,Kansas,Geary,11360
20063,Kansas,Gove,545
20065,Kansas,Graham,480
20067,Kansas,Grant,1733
20069,Kansas,Gray,1451
20071,Kansas,Greeley,222
20073,Kansas,Greenwood,1172
20075,Kansas,Hamilton,674
20077,Kansas,Harper,1219
20079,Kansas,Harvey,7658
20081,Kansas,Haskell,941
20083,Kansas,Hodgeman,337
20085,Kansas,Jackson,2825
20087,Kansas,Jefferson,3990
20089,Kansas,Jewell,512
20091,Kansas,Johnson,161930
20093,Kansas,Kearny,871
20095,Kansas,Kingman,1487
20097,Kansas,Kiowa,466
20099,Kansas,Labette,4516
20101,Kansas,Lane,375
20103,Kansas,Leavenworth,22650
20105,Kansas,Lincoln,558
20107,Kansas,Linn,2053
20109,Kansas,Logan,618
20111,Kansas,Lyon,7390
20113,Kansas,McPherson,6403
20115,Kansas,Marion,2283
20117,Kansas,Marshall,2065
20119,Kansas,Meade,890
20121,Kansas,Miami,7417
20123,Kansas,Mitchell,1211
20125,Kansas,Montgomery,7298
20127,Kansas,Morris,1096
20129,Kansas,Morton,577
20131,Kansas,Nemaha,2064
20133,Kansas,Neosho,3482
20135,Kansas,Ness,566
20137,Kansas,Norton,1449
20139,Kansas,Osage,3276
20141,Kansas,Osborne,727
20143,Kansas,Ottawa,1266
20145,Kansas,Pawnee,1602
20147,Kansas,Phillips,1073
20149,Kansas,Pottawatomie,6163
20151,Kansas,Pratt,2009
20153,Kansas,Rawlins,501
20155,Kansas,Reno,14971
20157,Kansas,Republic,848
20159,Kansas,Rice,1978
20161,Kansas,Riley,20387
20163,Kansas,Rooks,1092
20165,Kansas,Rush,599
20167,Kansas,Russell,1538
20169,Kansas,Saline,13327
20171,Kansas,Scott,1174
20173,Kansas,Sedgwick,135150
20175,Kansas,Seward,6137
20177,Kansas,Shawnee,43174
20179,Kansas,Sheridan,597
20181,Kansas,Sherman,1521
20183,Kansas,Smith,685
20185,Kansas,Stafford,831
20187,Kansas,Stanton,408
20189,Kansas,Stevens,1443
20191,Kansas,Sumner,5074
20193,Kansas,Thomas,1817
20195,Kansas,Trego,567
20197,Kansas,Wabaunsee,1393
20199,Kansas,Wallace,352
20201,Kansas,Washington,1069
20203,Kansas,Wichita,419
20205,Kansas,Wilson,1796
20207,Kansas,Woodson,666
20209,Kansas,Wyandotte,45814
21000,Kentucky,,1129116
21001,Kentucky,Adair,4323
21003,Kentucky,Allen,5020
21005,Kentucky,Anderson,5507
21007,Kentucky,Ballard,1776
21009,Kentucky,Barren,10263
21011,Kentucky,Bath,2866
21013,Kentucky,Bell,6603
21015,Kentucky,Boone,34469
21017,Kentucky,Bourbon,4662
21019,Kentucky,Boyd,11928
21021,Kentucky,Boyle,6677
21023,Kentucky,Bracken,1961
21025,Kentucky,Breathitt,3308
21027,Kentucky,Breckinridge,4409
21029,Kentucky,Bullitt,20453
21031,Kentucky,Butler,3224
21033,Kentucky,Caldwell,2889
21035,Kentucky,Calloway,8500
21037,Kentucky,Campbell,24543
21039,Kentucky,Carlisle,1107
21041,Kentucky,Carroll,2817
21043,Kentucky,Carter,6306
21045,Kentucky,Casey,3643
21047,Kentucky,Christian,19606
21049,Kentucky,Clark,8837
21051,Kentucky,Clay,5946
21053,Kentucky,Clinton,2326
21055,Kentucky,Crittenden,2101
21057,Kentucky,Cumberland,1303
21059,Kentucky,Daviess,24939
21061,Kentucky,Edmonson,2875
21063,Kentucky,Elliott,2078
21065,Kentucky,Estill,3389
21067,Kentucky,Fayette,91406
21069,Kentucky,Fleming,3359
21071,Kentucky,Floyd,9031
21073,Kentucky,Franklin,12810
21075,Kentucky,Fulton,1403
21077,Kentucky,Gallatin,2131
21079,Kentucky,Garrard,4005
21081,Kentucky,Grant,6129
21083,Kentucky,Graves,8804
21085,Kentucky,Grayson,6277
21087,Kentucky,Green,2514
21089,Kentucky,Greenup,8186
21091,Kentucky,Hancock,1940
21093,Kentucky,Hardin,28362
21095,Kentucky,Harlan,6533
21097,Kentucky,Harrison,4229
21099,Kentucky,Hart,4150
21101,Kentucky,Henderson,11447
21103,Kentucky,Henry,3623
21105,Kentucky,Hickman,941
21107,Kentucky,Hopkins,10905
21109,Kentucky,Jackson,3318
21111,Kentucky,Jefferson,208649
21113,Kentucky,Jessamine,13012
21115,Kentucky,Johnson,5663
21117,Kentucky,Kenton,45918
21119,Kentucky,Knott,3462
21121,Kentucky,Knox,7563
21123,Kentucky,Larue,3332
21125,Kentucky,Laurel,15264
21127,Kentucky,Lawrence,3797
21129,Kentucky,Lee,1587
21131,Kentucky,Leslie,2574
21133,Kentucky,Letcher,5519
21135,Kentucky,Lewis,3192
21137,Kentucky,Lincoln,5857
21139,Kentucky,Livingston,1983
21141,Kentucky,Logan,6391
21143,Kentucky,Lyon,1820
21145,Kentucky,McCracken,15630
21147,Kentucky,McCreary,4869
21149,Kentucky,McLean,2053
21151,Kentucky,Madison,21987
21153,Kentucky,Magoffin,3069
21155,Kentucky,Marion,4638
21157,Kentucky,Marshall,7162
21159,Kentucky,Martin,3495
21161,Kentucky,Mason,3936
21163,Kentucky,Meade,7557
21165,Kentucky,Menifee,1403
21167,Kentucky,Mercer,4863
21169,Kentucky,Metcalfe,2305
21171,Kentucky,Monroe,2458
21173,Kentucky,Montgomery,7133
21175,Kentucky,Morgan,3897
21177,Kentucky,Muhlenberg,7652
21179,Kentucky,Nelson,11165
21181,Kentucky,Nicholas,1610
21183,Kentucky,Ohio,5738
21185,Kentucky,Oldham,16283
21187,Kentucky,Owen,2440
21189,Kentucky,Owsley,1056
21191,Kentucky,Pendleton,3408
21193,Kentucky,Perry,6713
21195,Kentucky,Pike,14684
21197,Kentucky,Powell,3185
21199,Kentucky,Pulaski,15326
21201,Kentucky,Robertson,481
21203,Kentucky,Rockcastle,3974
21205,Kentucky,Rowan,5308
21207,Kentucky,Russell,4006
21209,Kentucky,Scott,15142
21211,Kentucky,Shelby,11948
21213,Kentucky,Simpson,4491
21215,Kentucky,Spencer,4483
21217,Kentucky,Taylor,5603
21219,Kentucky,Todd,3012
21221,Kentucky,Trigg,3000
21223,Kentucky,Trimble,1972
21225,Kentucky,Union,3398
21227,Kentucky,Warren,32244
21229,Kentucky,Washington,2679
21231,Kentucky,Wayne,4786
21233,Kentucky,Webster,3255
21235,Kentucky,Whitley,8254
21237,Kentucky,Wolfe,1668
21239,Kentucky,Woodford,5957
22000,Louisiana,,1246089
22001,Louisiana,Acadia,15815
22003,Louisiana,Allen,7523
22005,Louisiana,Ascension,34285
22007,Louisiana,Assumption,5431
22009,Louisiana,Avoyelles,10646
22011,Louisiana,Beauregard,9452
22013,Louisiana,Bienville,3039
22015,Louisiana,Bossier,35935
22017,Louisiana,Caddo,64660
22019,Louisiana,Calcasieu,53624
22021,Louisiana,Caldwell,2398
22023,Louisiana,Cameron,1394
22025,Louisiana,Catahoula,2625
22027,Louisiana,Claiborne,4508
22029,Louisiana,Concordia,5022
22031,Louisiana,De Soto,6570
22033,Louisiana,East Baton Rouge,117320
22035,Louisiana,East Carroll,2159
22037,Louisiana,East Feliciana,5041
22039,Louisiana,Evangeline,8248
22041,Louisiana,Franklin,4821
22043,Louisiana,Grant,7026
22045,Louisiana,Iberia,17971
22047,Louisiana,Iberville,9129
22049,Louisiana,Jackson,4019
22051,Louisiana,Jefferson,117751
22053,Louisiana,Jefferson Davis,7660
22055,Louisiana,Lafayette,71454
22057,Louisiana,Lafourche,25814
22059,Louisiana,La Salle,3922
22061,Louisiana,Lincoln,10488
22063,Louisiana,Livingston,38890
22065,Louisiana,Madison,3413
22067,Louisiana,Morehouse,5855
22069,Louisiana,Natchitoches,8287
22071,Louisiana,Orleans,122504
22073,Louisiana,Ouachita,41254
22075,Louisiana,Plaquemines,6103
22077,Louisiana,Pointe Coupee,4932
22079,Louisiana,Rapides,32964
22081,Louisiana,Red River,1970
22083,Louisiana,Richland,4973
22085,Louisiana,Sabine,5424
22087,Louisiana,St. Bernard,13791
22089,Louisiana,St. Charles,13488
22091,Louisiana,St. Helena,2721
22093,Louisiana,St. James,5129
22095,Louisiana,St. John the Baptist,11078
22097,Louisiana,St. Landry,19706
22099,Louisiana,St. Martin,13967
22101,Louisiana,St. Mary,13071
22103,Louisiana,St. Tammany,61056
22105,Louisiana,Tangipahoa,34866
22107,Louisiana,Tensas,908
22109,Louisiana,Terrebonne,30109
22111,Louisiana,Union,5022
22113,Louisiana,Vermilion,14844
22115,Louisiana,Vernon,15404
22117,Louisiana,Washington,11231
22119,Louisiana,Webster,9261
22121,Louisiana,West Baton Rouge,7188
22123,Louisiana,West Carroll,2784
22125,Louisiana,West Feliciana,4346
22127,Louisiana,Winn,3800
23000,Maine,,308563
23001,Maine,Androscoggin,25947
23003,Maine,Aroostook,13818
23005,Maine,Cumberland,74202
23007,Maine,Franklin,6216
23009,Maine,Hancock,11668
23011,Maine,Kennebec,27676
23013,Maine,Knox,8556
23015,Maine,Lincoln,6712
23017,Maine,Oxford,12280
23019,Maine,Penobscot,37167
23021,Maine,Piscataquis,3159
23023,Maine,Sagadahoc,7794
23025,Maine,Somerset,11258
23027,Maine,Waldo,8711
23029,Maine,Washington,6282
23031,Maine,York,47117
24000,Maryland,,1594352
24001,Maryland,Allegany,16944
24003,Maryland,Anne Arundel,154863
24005,Maryland,Baltimore,215100
24009,Maryland,Calvert,20621
24011,Maryland,Caroline,7907
24013,Maryland,Carroll,37473
24015,Maryland,Cecil,25074
24017,Maryland,Charles,40716
24019,Maryland,Dorchester,7327
24021,Maryland,Frederick,62973
24023,Maryland,Garrett,6423
24025,Maryland,Harford,61638
24027,Maryland,Howard,82744
24029,Maryland,Kent,3632
24031,Maryland,Montgomery,278320
24033,Maryland,Prince George's,256575
24035,Maryland,Queen Anne's,10582
24037,Maryland,St. Mary's,29463
24039,Maryland,Somerset,6491
24041,Maryland,Talbot,7204
24043,Maryland,Washington,38002
24045,Maryland,Wicomico,23458
24047,Maryland,Worcester,10033
24510,Maryland,Baltimore City,190789
25000,Massachusetts,,1798348
25001,Massachusetts,Barnstable,37749
25003,Massachusetts,Berkshire,26514
25005,Massachusetts,Bristol,139497
25007,Massachusetts,Dukes,3767
25009,Massachusetts,Essex,188501
25011,Massachusetts,Franklin,16848
25013,Massachusetts,Hampden,114773
25015,Massachusetts,Hampshire,32961
25017,Massachusetts,Middlesex,454287
25019,Massachusetts,Nantucket,3291
25021,Massachusetts,Norfolk,176173
25023,Massachusetts,Plymouth,114447
25025,Massachusetts,Suffolk,284811
25027,Massachusetts,Worcester,204729
26000,Michigan,,2416149
26001,Michigan,Alcona,1447
26003,Michigan,Alger,1929
26005,Michigan,Allegan,27258
26007,Michigan,Alpena,5963
26009,Michigan,Antrim,4174
26011,Michigan,Arenac,2995
26013,Michigan,Baraga,1994
26015,Michigan,Barry,13350
26017,Michigan,Bay,24689
26019,Michigan,Benzie,3431
26021,Michigan,Berrien,35538
26023,Michigan,Branch,10224
26025,Michigan,Calhoun,32016
26027,Michigan,Cass,10830
26029,Michigan,Charlevoix,5090
26031,Michigan,Cheboygan,4800
26033,Michigan,Chippewa,9291
26035,Michigan,Clare,6280
26037,Michigan,Clinton,18453
26039,Michigan,Crawford,2506
26041,Michigan,Delta,7464
26043,Michigan,Dickinson,5392
26045,Michigan,Eaton,26502
26047,Michigan,Emmet,7276
26049,Michigan,Genesee,97024
26051,Michigan,Gladwin,4673
26053,Michigan,Gogebic,3393
26055,Michigan,Grand Traverse,22502
26057,Michigan,Gratiot,10427
26059,Michigan,Hillsdale,9770
26061,Michigan,Houghton,7205
26063,Michigan,Huron,5976
26065,Michigan,Ingham,72356
26067,Michigan,Ionia,16579
26069,Michigan,Iosco,4503
26071,Michigan,Iron,1881
26073,Michigan,Isabella,15196
26075,Michigan,Jackson,38101
26077,Michigan,Kalamazoo,64706
26079,Michigan,Kalkaska,3974
26081,Michigan,Kent,178835
26083,Michigan,Keweenaw,349
26085,Michigan,Lake,2057
26087,Michigan,Lapeer,19189
26089,Michigan,Leelanau,3690
26091,Michigan,Lenawee,22881
26093,Michigan,Livingston,41502
26095,Michigan,Luce,1622
26097,Michigan,Mackinac,1999
26099,Michigan,Macomb,219060
26101,Michigan,Manistee,4815
26103,Michigan,Marquette,14961
26105,Michigan,Mason,5984
26107,Michigan,Mecosta,8632
26109,Michigan,Menominee,4614
26111,Michigan,Midland,19883
26113,Michigan,Missaukee,3161
26115,Michigan,Monroe,34861
26117,Michigan,Montcalm,15268
26119,Michigan,Montmorency,1456
26121,Michigan,Muskegon,42896
26123,Michigan,Newaygo,10592
26125,Michigan,Oakland,318111
26127,Michigan,Oceana,5408
26129,Michigan,Ogemaw,4013
26131,Michigan,Ontonagon,796
26133,Michigan,Osceola,4954
26135,Michigan,Oscoda,1392
26137,Michigan,Otsego,5124
26139,Michigan,Ottawa,66763
26141,Michigan,Presque Isle,2062
26143,Michigan,Roscommon,3745
26145,Michigan,Saginaw,44389
26147,Michigan,St. Clair,35370
26149,Michigan,St. Joseph,14161
26151,Michigan,Sanilac,8549
26153,Michigan,Schoolcraft,1361
26155,Michigan,Shiawassee,15694
26157,Michigan,Tuscola,11735
26159,Michigan,Van Buren,16860
26161,Michigan,Washtenaw,93878
26163,Michigan,Wayne,448854
26165,Michigan,Wexford,7465
27000,Minnesota,,1438512
27001,Minnesota,Aitkin,2493
27003,Minnesota,Anoka,91765
27005,Minnesota,Becker,7273
27007,Minnesota,Beltrami,10628
27009,Minnesota,Benton,11489
27011,Minnesota,Big Stone,934
27013,Minnesota,Blue Earth,15931
27015,Minnesota,Brown,5363
27017,Minnesota,Carlton,8739
27019,Minnesota,Carver,25305
27021,Minnesota,Cass,5382
27023,Minnesota,Chippewa,2627
27025,Minnesota,Chisago,13612
27027,Minnesota,Clay,16336
27029,Minnesota,Clearwater,1900
27031,Minnesota,Cook,1076
27033,Minnesota,Cottonwood,2293
27035,Minnesota,Crow Wing,14029
27037,Minnesota,Dakota,110392
27039,Minnesota,Dodge,5069
27041,Minnesota,Douglas,8263
27043,Minnesota,Faribault,2857
27045,Minnesota,Fillmore,4481
27047,Minnesota,Freeborn,6746
27049,Minnesota,Goodhue,10503
27051,Minnesota,Grant,1255
27053,Minnesota,Hennepin,374964
27055,Minnesota,Houston,3926
27057,Minnesota,Hubbard,4015
27059,Minnesota,Isanti,9733
27061,Minnesota,Itasca,9380
27063,Minnesota,Jackson,2182
27065,Minnesota,Kanabec,3407
27067,Minnesota,Kandiyohi,9861
27069,Minnesota,Kittson,789
27071,Minnesota,Koochiching,2432
27073,Minnesota,Lac qui Parle,1193
27075,Minnesota,Lake,2145
27077,Minnesota,Lake of the Woods,705
27079,Minnesota,Le Sueur,6402
27081,Minnesota,Lincoln,1122
27083,Minnesota,Lyon,6406
27085,Minnesota,McLeod,8645
27087,Minnesota,Mahnomen,1105
27089,Minnesota,Marshall,1972
27091,Minnesota,Martin,4139
27093,Minnesota,Meeker,4989
27095,Minnesota,Mille Lacs,6025
27097,Minnesota,Morrison,7374
27099,Minnesota,Mower,9384
27101,Minnesota,Murray,1605
27103,Minnesota,Nicollet,8690
27105,Minnesota,Nobles,5348
27107,Minnesota,Norman,1344
27109,Minnesota,Olmsted,42071
27111,Minnesota,Otter Tail,11286
27113,Minnesota,Pennington,3575
27115,Minnesota,Pine,6752
27117,Minnesota,Pipestone,1925
27119,Minnesota,Polk,7229
27121,Minnesota,Pope,2380
27123,Minnesota,Ramsey,154913
27125,Minnesota,Red Lake,902
27127,Minnesota,Redwood,3086
27129,Minnesota,Renville,3052
27131,Minnesota,Rice,15156
27133,Minnesota,Rock,2081
27135,Minnesota,Roseau,3340
27137,Minnesota,St. Louis,44974
27139,Minnesota,Scott,39042
27141,Minnesota,Sherburne,25925
27143,Minnesota,Sibley,3363
27145,Minnesota,Stearns,36788
27147,Minnesota,Steele,8496
27149,Minnesota,Stevens,2078
27151,Minnesota,Swift,2071
27153,Minnesota,Todd,4838
27155,Minnesota,Traverse,628
27157,Minnesota,Wabasha,4594
27159,Minnesota,Wadena,2895
27161,Minnesota,Waseca,4803
27163,Minnesota,Washington,62523
27165,Minnesota,Watonwan,2293
27167,Minnesota,Wilkin,1378
27169,Minnesota,Winona,10768
27171,Minnesota,Wright,35071
27173,Minnesota,Yellow Medicine,2213
28000,Mississippi,,759677
28001,Mississippi,Adams,8083
28003,Mississippi,Alcorn,9075
28005,Mississippi,Amite,2719
28007,Mississippi,Attala,4119
28009,Mississippi,Benton,1996
28011,Mississippi,Bolivar,8195
28013,Mississippi,Calhoun,3320
28015,Mississippi,Carroll,2024
28017,Mississippi,Chickasaw,4157
28019,Mississippi,Choctaw,1787
28021,Mississippi,Claiborne,1829
28023,Mississippi,Clarke,3602
28025,Mississippi,Clay,4769
28027,Mississippi,Coahoma,5490
28029,Mississippi,Copiah,6673
28031,Mississippi,Covington,4423
28033,Mississippi,DeSoto,48024
28035,Mississippi,Forrest,20126
28037,Mississippi,Franklin,1738
28039,Mississippi,George,6056
28041,Mississippi,Greene,4112
28043,Mississippi,Grenada,5108
28045,Mississippi,Hancock,10747
28047,Mississippi,Harrison,53986
28049,Mississippi,Hinds,64086
28051,Mississippi,Holmes,4214
28053,Mississippi,Humphreys,1861
28055,Mississippi,Issaquena,484
28057,Mississippi,Itawamba,5583
28059,Mississippi,Jackson,36643
28061,Mississippi,Jasper,3635
28063,Mississippi,Jefferson,1789
28065,Mississippi,Jefferson Davis,2511
28067,Mississippi,Jones,16651
28069,Mississippi,Kemper,2147
28071,Mississippi,Lafayette,13955
28073,Mississippi,Lamar,17950
28075,Mississippi,Lauderdale,19373
28077,Mississippi,Lawrence,2827
28079,Mississippi,Leake,5579
28081,Mississippi,Lee,22279
28083,Mississippi,Leflore,7323
28085,Mississippi,Lincoln,8445
28087,Mississippi,Lowndes,15175
28089,Mississippi,Madison,27757
28091,Mississippi,Marion,6090
28093,Mississippi,Marshall,8590
28095,Mississippi,Monroe,8445
28097,Mississippi,Montgomery,2380
28099,Mississippi,Neshoba,7030
28101,Mississippi,Newton,5074
28103,Mississippi,Noxubee,2512
28105,Mississippi,Oktibbeha,11631
28107,Mississippi,Panola,8480
28109,Mississippi,Pearl River,12678
28111,Mississippi,Perry,2841
28113,Mississippi,Pike,9181
28115,Mississippi,Pontotoc,7782
28117,Mississippi,Prentiss,6128
28119,Mississippi,Quitman,1722
28121,Mississippi,Rankin,43050
28123,Mississippi,Scott,7311
28125,Mississippi,Sharkey,950
28127,Mississippi,Simpson,6655
28129,Mississippi,Smith,3731
28131,Mississippi,Stone,4437
28133,Mississippi,Sunflower,7600
28135,Mississippi,Tallahatchie,4828
28137,Mississippi,Tate,6740
28139,Mississippi,Tippah,5065
28141,Mississippi,Tishomingo,4439
28143,Mississippi,Tunica,3462
28145,Mississippi,Union,7347
28147,Mississippi,Walthall,3225
28149,Mississippi,Warren,11496
28151,Mississippi,Washington,11080
28153,Mississippi,Wayne,4883
28155,Mississippi,Webster,2183
28157,Mississippi,Wilkinson,2482
28159,Mississippi,Winston,4276
28161,Mississippi,Yalobusha,2763
28163,Mississippi,Yazoo,8685
29000,Missouri,,1542544
29001,Missouri,Adair,4758
29003,Missouri,Andrew,4003
29005,Missouri,Atchison,1113
29007,Missouri,Audrain,6457
29009,Missouri,Barry,7491
29011,Missouri,Barton,2524
29013,Missouri,Bates,3652
29015,Missouri,Benton,3181
29017,Missouri,Bollinger,2702
29019,Missouri,Boone,47402
29021,Missouri,Buchanan,23889
29023,Missouri,Butler,10130
29025,Missouri,Caldwell,1935
29027,Missouri,Callaway,11224
29029,Missouri,Camden,8020
29031,Missouri,Cape Girardeau,18623
29033,Missouri,Carroll,1941
29035,Missouri,Carter,1302
29037,Missouri,Cass,24954
29039,Missouri,Cedar,2796
29041,Missouri,Chariton,1481
29043,Missouri,Christian,22416
29045,Missouri,Clark,1465
29047,Missouri,Clay,67221
29049,Missouri,Clinton,4763
29051,Missouri,Cole,20301
29053,Missouri,Cooper,4601
29055,Missouri,Crawford,5583
29057,Missouri,Dade,1494
29059,Missouri,Dallas,3463
29061,Missouri,Daviess,1723
29063,Missouri,DeKalb,3972
29065,Missouri,Dent,3312
29067,Missouri,Douglas,2620
29069,Missouri,Dunklin,6777
29071,Missouri,Franklin,24253
29073,Missouri,Gasconade,2995
29075,Missouri,Gentry,1442
29077,Missouri,Greene,74238
29079,Missouri,Grundy,2141
29081,Missouri,Harrison,1818
29083,Missouri,Henry,4791
29085,Missouri,Hickory,1448
29087,Missouri,Holt,887
29089,Missouri,Howard,2071
29091,Missouri,Howell,9193
29093,Missouri,Iron,2199
29095,Missouri,Jackson,192727
29097,Missouri,Jasper,31521
29099,Missouri,Jefferson,58023
29101,Missouri,Johnson,13043
29103,Missouri,Knox,745
29105,Missouri,Laclede,8378
29107,Missouri,Lafayette,7258
29109,Missouri,Lawrence,8693
29111,Missouri,Lewis,2114
29113,Missouri,Lincoln,14108
29115,Missouri,Linn,2574
29117,Missouri,Livingston,4002
29119,Missouri,McDonald,5573
29121,Missouri,Macon,3176
29123,Missouri,Madison,2927
29125,Missouri,Maries,1890
29127,Missouri,Marion,6733
29129,Missouri,Mercer,704
29131,Missouri,Miller,5706
29133,Missouri,Mississippi,3673
29135,Missouri,Moniteau,4142
29137,Missouri,Monroe,1747
29139,Missouri,Montgomery,2524
29141,Missouri,Morgan,3909
29143,Missouri,New Madrid,4086
29145,Missouri,Newton,13506
29147,Missouri,Nodaway,4648
29149,Missouri,Oregon,2059
29151,Missouri,Osage,3099
29153,Missouri,Ozark,1642
29155,Missouri,Pemiscot,3902
29157,Missouri,Perry,4476
29159,Missouri,Pettis,10334
29161,Missouri,Phelps,10043
29163,Missouri,Pike,4735
29165,Missouri,Platte,26655
29167,Missouri,Polk,6815
29169,Missouri,Pulaski,15120
29171,Missouri,Putnam,872
29173,Missouri,Ralls,2164
29175,Missouri,Randolph,6547
29177,Missouri,Ray,5143
29179,Missouri,Reynolds,1403
29181,Missouri,Ripley,3142
29183,Missouri,St. Charles,102768
29185,Missouri,St. Clair,1738
29186,Missouri,Ste. Genevieve,3890
29187,Missouri,St. Francois,18454
29189,Missouri,St. Louis,244456
29195,Missouri,Saline,5468
29197,Missouri,Schuyler,941
29199,Missouri,Scotland,1038
29201,Missouri,Scott,9255
29203,Missouri,Shannon,1680
29205,Missouri,Shelby,1317
29207,Missouri,Stoddard,6981
29209,Missouri,Stone,5386
29211,Missouri,Sullivan,1516
29213,Missouri,Taney,12144
29215,Missouri,Texas,6036
29217,Missouri,Vernon,4578
29219,Missouri,Warren,7867
29221,Missouri,Washington,6142
29223,Missouri,Wayne,2632
29225,Missouri,Webster,9027
29227,Missouri,Worth,407
29229,Missouri,Wright,3822
29510,Missouri,St. Louis City,101955
30000,Montana,,252868
30001,Montana,Beaverhead,1847
30003,Montana,Big Horn,3102
30005,Montana,Blaine,1568
30007,Montana,Broadwater,1119
30009,Montana,Carbon,2099
30011,Montana,Carter,255
30013,Montana,Cascade,20140
30015,Montana,Chouteau,1248
30017,Montana,Custer,2851
30019,Montana,Daniels,354
30021,Montana,Dawson,2351
30023,Montana,Deer Lodge,2014
30025,Montana,Fallon,724
30027,Montana,Fergus,2513
30029,Montana,Flathead,23524
30031,Montana,Gallatin,30684
30033,Montana,Garfield,213
30035,Montana,Glacier,3332
30037,Montana,Golden Valley,89
30039,Montana,Granite,533
30041,Montana,Hill,3955
30043,Montana,Jefferson,2248
30045,Montana,Judith Basin,369
30047,Montana,Lake,6171
30049,Montana,Lewis and Clark,16371
30051,Montana,Liberty,455
30053,Montana,Lincoln,3362
30055,Montana,McCone,316
30057,Montana,Madison,1709
30059,Montana,Meagher,485
30061,Montana,Mineral,732
30063,Montana,Missoula,32336
30065,Montana,Musselshell,877
30067,Montana,Park,3895
30069,Montana,Petroleum,82
30071,Montana,Phillips,737
30073,Montana,Pondera,1266
30075,Montana,Powder River,273
30077,Montana,Powell,1801
30079,Montana,Prairie,235
30081,Montana,Ravalli,8032
30083,Montana,Richland,2947
30085,Montana,Roosevelt,2759
30087,Montana,Rosebud,2001
30089,Montana,Sanders,1901
30091,Montana,Sheridan,776
30093,Montana,Silver Bow,7579
30095,Montana,Stillwater,1828
30097,Montana,Sweet Grass,618
30099,Montana,Teton,1188
30101,Montana,Toole,1245
30103,Montana,Treasure,106
30105,Montana,Valley,1620
30107,Montana,Wheatland,465
30109,Montana,Wibaux,192
30111,Montana,Yellowstone,41376
31000,Nebraska,,487036
31001,Nebraska,Adams,6936
31003,Nebraska,Antelope,1219
31005,Nebraska,Arthur,63
31007,Nebraska,Banner,152
31009,Nebraska,Blaine,91
31011,Nebraska,Boone,1038
31013,Nebraska,Box Butte,2434
31015,Nebraska,Boyd,355
31017,Nebraska,Brown,589
31019,Nebraska,Buffalo,12509
31021,Nebraska,Burt,1256
31023,Nebraska,Butler,1655
31025,Nebraska,Cass,5842
31027,Nebraska,Cedar,1608
31029,Nebraska,Chase,794
31031,Nebraska,Cherry,1411
31033,Nebraska,Cheyenne,2356
31035,Nebraska,Clay,1301
31037,Nebraska,Colfax,2827
31039,Nebraska,Cuming,1756
31041,Nebraska,Custer,2296
31043,Nebraska,Dakota,5029
31045,Nebraska,Dawes,1828
31047,Nebraska,Dawson,5855
31049,Nebraska,Deuel,387
31051,Nebraska,Dixon,1173
31053,Nebraska,Dodge,8426
31055,Nebraska,Douglas,160345
31057,Nebraska,Dundy,427
31059,Nebraska,Fillmore,1149
31061,Nebraska,Franklin,549
31063,Nebraska,Frontier,456
31065,Nebraska,Furnas,923
31067,Nebraska,Gage,4787
31069,Nebraska,Garden,386
31071,Nebraska,Garfield,342
31073,Nebraska,Gosper,374
31075,Nebraska,Grant,132
31077,Nebraska,Greeley,454
31079,Nebraska,Hall,15598
31081,Nebraska,Hamilton,1943
31083,Nebraska,Harlan,631
31085,Nebraska,Hayes,228
31087,Nebraska,Hitchcock,570
31089,Nebraska,Holt,2034
31091,Nebraska,Hooker,92
31093,Nebraska,Howard,1385
31095,Nebraska,Jefferson,1462
31097,Nebraska,Johnson,1404
31099,Nebraska,Kearney,1446
31101,Nebraska,Keith,1599
31103,Nebraska,Keya Paha,146
31105,Nebraska,Kimball,771
31107,Nebraska,Knox,1515
31109,Nebraska,Lancaster,81648
31111,Nebraska,Lincoln,8491
31113,Nebraska,Logan,182
31115,Nebraska,Loup,98
31117,Nebraska,McPherson,69
31119,Nebraska,Madison,8552
31121,Nebraska,Merrick,1711
31123,Nebraska,Morrill,1074
31125,Nebraska,Nance,748
31127,Nebraska,Nemaha,1500
31129,Nebraska,Nuckolls,795
31131,Nebraska,Otoe,3565
31133,Nebraska,Pawnee,472
31135,Nebraska,Perkins,676
31137,Nebraska,Phelps,1923
31139,Nebraska,Pierce,1527
31141,Nebraska,Platte,7785
31143,Nebraska,Polk,1014
31145,Nebraska,Red Willow,2405
31147,Nebraska,Richardson,1610
31149,Nebraska,Rock,233
31151,Nebraska,Saline,3499
31153,Nebraska,Sarpy,51567
31155,Nebraska,Saunders,4521
31157,Nebraska,Scotts Bluff,8404
31159,Nebraska,Seward,3667
31161,Nebraska,Sheridan,993
31163,Nebraska,Sherman,545
31165,Nebraska,Sioux,248
31167,Nebraska,Stanton,1353
31169,Nebraska,Thayer,948
31171,Nebraska,Thomas,191
31173,Nebraska,Thurston,1525
31175,Nebraska,Valley,851
31177,Nebraska,Washington,4459
31179,Nebraska,Wayne,1868
31181,Nebraska,Webster,690
31183,Nebraska,Wheeler,179
31185,Nebraska,York,3116
32000,Nevada,,814461
32001,Nevada,Churchill,5541
32003,Nevada,Clark,616012
32005,Nevada,Douglas,9300
32007,Nevada,Elko,14443
32009,Nevada,Esmeralda,242
32011,Nevada,Eureka,373
32013,Nevada,Humboldt,4515
32015,Nevada,Lander,1295
32017,Nevada,Lincoln,1132
32019,Nevada,Lyon,12352
32021,Nevada,Mineral,895
32023,Nevada,Nye,8260
32027,Nevada,Pershing,2088
32029,Nevada,Storey,745
32031,Nevada,Washoe,121610
32033,Nevada,White Pine,2840
32510,Nevada,Carson City,12818
33000,New Hampshire,,317212
33001,New Hampshire,Belknap,12824
33003,New Hampshire,Carroll,8811
33005,New Hampshire,Cheshire,16818
33007,New Hampshire,Coos,7039
33009,New Hampshire,Grafton,20026
33011,New Hampshire,Hillsborough,105087
33013,New Hampshire,Merrimack,35266
33015,New Hampshire,Rockingham,71025
33017,New Hampshire,Strafford,30622
33019,New Hampshire,Sullivan,9694
34000,New Jersey,,2278889
34001,New Jersey,Atlantic,62496
34003,New Jersey,Bergen,230103
34005,New Jersey,Burlington,109662
34007,New Jersey,Camden,133411
34009,New Jersey,Cape May,18367
34011,New Jersey,Cumberland,42596
34013,New Jersey,Essex,218771
34015,New Jersey,Gloucester,71989
34017,New Jersey,Hudson,244193
34019,New Jersey,Hunterdon,23893
34021,New Jersey,Mercer,93476
34023,New Jersey,Middlesex,226995
34025,New Jersey,Monmouth,138133
34027,New Jersey,Morris,113935
34029,New Jersey,Ocean,124295
34031,New Jersey,Passaic,131553
34033,New Jersey,Salem,14776
34035,New Jersey,Somerset,78892
34037,New Jersey,Sussex,30821
34039,New Jersey,Union,146980
34041,New Jersey,Warren,23552
35000,New Mexico,,527913
35001,New Mexico,Bernalillo,187505
35003,New Mexico,Catron,349
35005,New Mexico,Chaves,15730
35006,New Mexico,Cibola,7258
35007,New Mexico,Colfax,2439
35009,New Mexico,Curry,14394
35011,New Mexico,De Baca,484
35013,New Mexico,Dona Ana,50875
35015,New Mexico,Eddy,14837
35017,New Mexico,Grant,5750
35019,New Mexico,Guadalupe,1256
35021,New Mexico,Harding,69
35023,New Mexico,Hidalgo,957
35025,New Mexico,Lea,18922
35027,New Mexico,Lincoln,3694
35028,New Mexico,Los Alamos,4331
35029,New Mexico,Luna,5143
35031,New Mexico,McKinley,18752
35033,New Mexico,Mora,783
35035,New Mexico,Otero,16815
35037,New Mexico,Quay,1852
35039,New Mexico,Rio Arriba,8931
35041,New Mexico,Roosevelt,4403
35043,New Mexico,Sandoval,35287
35045,New Mexico,San Juan,33245
35047,New Mexico,San Miguel,6144
35049,New Mexico,Santa Fe,33811
35051,New Mexico,Sierra,1704
35053,New Mexico,Socorro,3450
35055,New Mexico,Taos,6265
35057,New Mexico,Torrance,3309
35059,New Mexico,Union,1162
35061,New Mexico,Valencia,18007
36000,New York,,5306912
36001,New York,Albany,74847
36003,New York,Allegany,9409
36005,New York,Bronx,408923
36007,New York,Broome,41549
36009,New York,Cattaraugus,16792
36011,New York,Cayuga,18657
36013,New York,Chautauqua,28697
36015,New York,Chemung,20673
36017,New York,Chenango,10487
36019,New York,Clinton,19526
36021,New York,Columbia,13007
36023,New York,Cortland,10345
36025,New York,Delaware,8723
36027,New York,Dutchess,67685
36029,New York,Erie,230161
36031,New York,Essex,8808
36033,New York,Franklin,13076
36035,New York,Fulton,12615
36037,New York,Genesee,13461
36039,New York,Greene,10926
36041,New York,Hamilton,657
36043,New York,Herkimer,13512
36045,New York,Jefferson,32949
36047,New York,Kings,834050
36049,New York,Lewis,6033
36051,New York,Livingston,13621
36053,New York,Madison,14742
36055,New York,Monroe,187573
36057,New York,Montgomery,11848
36059,New York,Nassau,318254
36061,New York,New York,601090
36063,New York,Niagara,49409
36065,New York,Oneida,53964
36067,New York,Onondaga,113259
36069,New York,Ontario,23731
36071,New York,Orange,88448
36073,New York,Orleans,10098
36075,New York,Oswego,27266
36077,New York,Otsego,11417
36079,New York,Putnam,22069
36081,New York,Queens,693235
36083,New York,Rensselaer,40495
36085,New York,Richmond,123397
36087,New York,Rockland,73016
36089,New York,St. Lawrence,24695
36091,New York,Saratoga,55364
36093,New York,Schenectady,38883
36095,New York,Schoharie,6485
36097,New York,Schuyler,3952
36099,New York,Seneca,8534
36101,New York,Steuben,22246
36103,New York,Suffolk,351314
36105,New York,Sullivan,17333
36107,New York,Tioga,10685
36109,New York,Tompkins,23566
36111,New York,Ulster,42727
36113,New York,Warren,14393
36115,New York,Washington,14767
36117,New York,Wayne,20010
36119,New York,Westchester,234209
36121,New York,Wyoming,10283
36123,New York,Yates,4966
37000,North Carolina,,2638730
37001,North Carolina,Alamance,38626
37003,North Carolina,Alexander,9163
37005,North Carolina,Alleghany,2145
37007,North Carolina,Anson,6774
37009,North Carolina,Ashe,5863
37011,North Carolina,Avery,4505
37013,North Carolina,Beaufort,9619
37015,North Carolina,Bertie,4667
37017,North Carolina,Bladen,7751
37019,North Carolina,Brunswick,24345
37021,North Carolina,Buncombe,68752
37023,North Carolina,Burke,20849
37025,North Carolina,Cabarrus,54145
37027,North Carolina,Caldwell,18827
37029,North Carolina,Camden,2444
37031,North Carolina,Carteret,14838
37033,North Carolina,Caswell,5100
37035,North Carolina,Catawba,37145
37037,North Carolina,Chatham,14443
37039,North Carolina,Cherokee,5247
37041,North Carolina,Chowan,3436
37043,North Carolina,Clay,2064
37045,North Carolina,Cleveland,21714
37047,North Carolina,Columbus,13353
37049,North Carolina,Craven,25144
37051,North Carolina,Cumberland,95821
37053,North Carolina,Currituck,6131
37055,North Carolina,Dare,8263
37057,North Carolina,Davidson,38618
37059,North Carolina,Davie,8905
37061,North Carolina,Duplin,13820
37063,North Carolina,Durham,99020
37065,North Carolina,Edgecombe,12055
37067,North Carolina,Forsyth,93628
37069,North Carolina,Franklin,15650
37071,North Carolina,Gaston,55417
37073,North Carolina,Gates,2457
37075,North Carolina,Graham,1697
37077,North Carolina,Granville,14091
37079,North Carolina,Greene,5886
37081,North Carolina,Guilford,137324
37083,North Carolina,Halifax,11463
37085,North Carolina,Harnett,38186
37087,North Carolina,Haywood,13246
37089,North Carolina,Henderson,24268
37091,North Carolina,Hertford,5478
37093,North Carolina,Hoke,17356
37095,North Carolina,Hyde,1496
37097,North Carolina,Iredell,42505
37099,North Carolina,Jackson,8904
37101,North Carolina,Johnston,50474
37103,North Carolina,Jones,2260
37105,North Carolina,Lee,14923
37107,North Carolina,Lenoir,12812
37109,North Carolina,Lincoln,19331
37111,North Carolina,McDowell,10789
37113,North Carolina,Macon,6890
37115,North Carolina,Madison,4727
37117,North Carolina,Martin,4787
37119,North Carolina,Mecklenburg,334495
37121,North Carolina,Mitchell,3168
37123,North Carolina,Montgomery,5992
37125,North Carolina,Moore,21722
37127,North Carolina,Nash,21668
37129,North Carolina,New Hanover,58162
37131,North Carolina,Northampton,4020
37133,North Carolina,Onslow,55538
37135,North Carolina,Orange,34636
37137,North Carolina,Pamlico,2611
37139,North Carolina,Pasquotank,10018
37141,North Carolina,Pender,14022
37143,North Carolina,Perquimans,2644
37145,North Carolina,Person,9082
37147,North Carolina,Pitt,45188
37149,North Carolina,Polk,3683
37151,North Carolina,Randolph,33900
37153,North Carolina,Richmond,10754
37155,North Carolina,Robeson,33049
37157,North Carolina,Rockingham,20478
37159,North Carolina,Rowan,33588
37161,North Carolina,Rutherford,14440
37163,North Carolina,Sampson,14959
37165,North Carolina,Scotland,8505
37167,North Carolina,Stanly,14440
37169,North Carolina,Stokes,10086
37171,North Carolina,Surry,15913
37173,North Carolina,Swain,3314
37175,North Carolina,Transylvania,6362
37177,North Carolina,Tyrrell,964
37179,North Carolina,Union,53924
37181,North Carolina,Vance,9974
37183,North Carolina,Wake,313532
37185,North Carolina,Warren,3867
37187,North Carolina,Washington,2265
37189,North Carolina,Watauga,10713
37191,North Carolina,Wayne,31024
37193,North Carolina,Wilkes,15185
37195,North Carolina,Wilson,19201
37197,North Carolina,Yadkin,8313
37199,North Carolina,Yancey,3694
38000,North Dakota,,199407
38001,North Dakota,Adams,469
38003,North Dakota,Barnes,2217
38005,North Dakota,Benson,1449
38007,North Dakota,Billings,253
38009,North Dakota,Bottineau,1316
38011,North Dakota,Bowman,700
38013,North Dakota,Burke,526
38015,North Dakota,Burleigh,25433
38017,North Dakota,Cass,52454
38019,North Dakota,Cavalier,652
38021,North Dakota,Dickey,1035
38023,North Dakota,Divide,424
38025,North Dakota,Dunn,1004
38027,North Dakota,Eddy,494
38029,North Dakota,Emmons,519
38031,North Dakota,Foster,672
38033,North Dakota,Golden Valley,363
38035,North Dakota,Grand Forks,18267
38037,North Dakota,Grant,431
38039,North Dakota,Griggs,427
38041,North Dakota,Hettinger,603
38043,North Dakota,Kidder,502
38045,North Dakota,LaMoure,733
38047,North Dakota,Logan,325
38049,North Dakota,McHenry,1320
38051,North Dakota,McIntosh,432
38053,North Dakota,McKenzie,3583
38055,North Dakota,McLean,2037
38057,North Dakota,Mercer,1834
38059,North Dakota,Morton,8605
38061,North Dakota,Mountrail,2817
38063,North Dakota,Nelson,524
38065,North Dakota,Oliver,321
38067,North Dakota,Pembina,1451
38069,North Dakota,Pierce,874
38071,North Dakota,Ramsey,2532
38073,North Dakota,Ransom,1072
38075,North Dakota,Renville,574
38077,North Dakota,Richland,3459
38079,North Dakota,Rolette,3344
38081,North Dakota,Sargent,880
38083,North Dakota,Sheridan,242
38085,North Dakota,Sioux,1093
38087,North Dakota,Slope,130
38089,North Dakota,Stark,8942
38091,North Dakota,Steele,326
38093,North Dakota,Stutsman,4985
38095,North Dakota,Towner,444
38097,North Dakota,Traill,1704
38099,North Dakota,Walsh,2310
38101,North Dakota,Ward,20629
38103,North Dakota,Wells,679
38105,North Dakota,Williams,10996
39000,Ohio,,2899034
39001,Ohio,Adams,6302
39003,Ohio,Allen,24828
39005,Ohio,Ashland,11458
39007,Ohio,Ashtabula,22414
39009,Ohio,Athens,14656
39011,Ohio,Auglaize,10239
39013,Ohio,Belmont,16762
39015,Ohio,Brown,10243
39017,Ohio,Butler,90122
39019,Ohio,Carroll,5845
39021,Ohio,Champaign,8867
39023,Ohio,Clark,30480
39025,Ohio,Clermont,50503
39027,Ohio,Clinton,9583
39029,Ohio,Columbiana,23999
39031,Ohio,Coshocton,8333
39033,Ohio,Crawford,9489
39035,Ohio,Cuyahoga,314364
39037,Ohio,Darke,11230
39039,Ohio,Defiance,8989
39041,Ohio,Delaware,49879
39043,Ohio,Erie,16275
39045,Ohio,Fairfield,37884
39047,Ohio,Fayette,6921
39049,Ohio,Franklin,400978
39051,Ohio,Fulton,9588
39053,Ohio,Gallia,6984
39055,Ohio,Geauga,17551
39057,Ohio,Greene,40641
39059,Ohio,Guernsey,8859
39061,Ohio,Hamilton,216843
39063,Ohio,Hancock,18937
39065,Ohio,Hardin,6728
39067,Ohio,Harrison,3208
39069,Ohio,Henry,6367
39071,Ohio,Highland,10024
39073,Ohio,Hocking,6479
39075,Ohio,Holmes,10201
39077,Ohio,Huron,13815
39079,Ohio,Jackson,8087
39081,Ohio,Jefferson,14310
39083,Ohio,Knox,13293
39085,Ohio,Lake,53300
39087,Ohio,Lawrence,14797
39089,Ohio,Licking,40747
39091,Ohio,Logan,10482
39093,Ohio,Lorain,71341
39095,Ohio,Lucas,110559
39097,Ohio,Madison,12107
39099,Ohio,Mahoning,52484
39101,Ohio,Marion,16994
39103,Ohio,Medina,41495
39105,Ohio,Meigs,5402
39107,Ohio,Mercer,8926
39109,Ohio,Miami,24883
39111,Ohio,Monroe,2953
39113,Ohio,Montgomery,131578
39115,Ohio,Morgan,3203
39117,Ohio,Morrow,7933
39119,Ohio,Muskingum,20273
39121,Ohio,Noble,3232
39123,Ohio,Ottawa,8065
39125,Ohio,Paulding,4314
39127,Ohio,Perry,8571
39129,Ohio,Pickaway,15352
39131,Ohio,Pike,6611
39133,Ohio,Portage,35533
39135,Ohio,Preble,9409
39137,Ohio,Putnam,7466
39139,Ohio,Richland,29163
39141,Ohio,Ross,19921
39143,Ohio,Sandusky,13580
39145,Ohio,Scioto,19199
39147,Ohio,Seneca,12742
39149,Ohio,Shelby,11352
39151,Ohio,Stark,86076
39153,Ohio,Summit,134001
39155,Ohio,Trumbull,44871
39157,Ohio,Tuscarawas,21514
39159,Ohio,Union,15520
39161,Ohio,Van Wert,6467
39163,Ohio,Vinton,3113
39165,Ohio,Warren,56870
39167,Ohio,Washington,13569
39169,Ohio,Wayne,26550
39171,Ohio,Williams,8684
39173,Ohio,Wood,30152
39175,Ohio,Wyandot,5122
40000,Oklahoma,,1023155
40001,Oklahoma,Adair,5356
40003,Oklahoma,Alfalfa,1509
40005,Oklahoma,Atoka,3480
40007,Oklahoma,Beaver,1226
40009,Oklahoma,Beckham,6308
40011,Oklahoma,Blaine,2535
40013,Oklahoma,Bryan,11579
40015,Oklahoma,Caddo,7225
40017,Oklahoma,Canadian,39775
40019,Oklahoma,Carter,12147
40021,Oklahoma,Cherokee,11310
40023,Oklahoma,Choctaw,3202
40025,Oklahoma,Cimarron,513
40027,Oklahoma,Cleveland,77040
40029,Oklahoma,Coal,1200
40031,Oklahoma,Comanche,35195
40033,Oklahoma,Cotton,1348
40035,Oklahoma,Craig,3484
40037,Oklahoma,Creek,16909
40039,Oklahoma,Custer,6932
40041,Oklahoma,Delaware,8444
40043,Oklahoma,Dewey,1028
40045,Oklahoma,Ellis,847
40047,Oklahoma,Garfield,15900
40049,Oklahoma,Garvin,6745
40051,Oklahoma,Grady,13466
40053,Oklahoma,Grant,887
40055,Oklahoma,Greer,1723
40057,Oklahoma,Harmon,704
40059,Oklahoma,Harper,1012
40061,Oklahoma,Haskell,2910
40063,Oklahoma,Hughes,3448
40065,Oklahoma,Jackson,6860
40067,Oklahoma,Jefferson,1370
40069,Oklahoma,Johnston,2487
40071,Oklahoma,Kay,10348
40073,Oklahoma,Kingfisher,3821
40075,Oklahoma,Kiowa,2010
40077,Oklahoma,Latimer,2257
40079,Oklahoma,Le Flore,12044
40081,Oklahoma,Lincoln,7814
40083,Oklahoma,Logan,11214
40085,Oklahoma,Love,2207
40087,Oklahoma,McClain,9869
40089,Oklahoma,McCurtain,7725
40091,Oklahoma,McIntosh,3988
40093,Oklahoma,Major,1739
40095,Oklahoma,Marshall,3422
40097,Oklahoma,Mayes,9553
40099,Oklahoma,Murray,3243
40101,Oklahoma,Muskogee,17323
40103,Oklahoma,Noble,2580
40105,Oklahoma,Nowata,2360
40107,Oklahoma,Okfuskee,2986
40109,Oklahoma,Oklahoma,222895
40111,Oklahoma,Okmulgee,8940
40113,Oklahoma,Osage,10863
40115,Oklahoma,Ottawa,7209
40117,Oklahoma,Pawnee,3645
40119,Oklahoma,Payne,19530
40121,Oklahoma,Pittsburg,11218
40123,Oklahoma,Pontotoc,9738
40125,Oklahoma,Pottawatomie,17992
40127,Oklahoma,Pushmataha,2331
40129,Oklahoma,Roger Mills,799
40131,Oklahoma,Rogers,22068
40133,Oklahoma,Seminole,5669
40135,Oklahoma,Sequoyah,9732
40137,Oklahoma,Stephens,10424
40139,Oklahoma,Texas,5545
40141,Oklahoma,Tillman,1628
40143,Oklahoma,Tulsa,177156
40145,Oklahoma,Wagoner,20015
40147,Oklahoma,Washington,12431
40149,Oklahoma,Washita,2674
40151,Oklahoma,Woods,2331
40153,Oklahoma,Woodward,5715
41000,Oregon,,1110222
41001,Oregon,Baker,3486
41003,Oregon,Benton,20682
41005,Oregon,Clackamas,101695
41007,Oregon,Clatsop,9069
41009,Oregon,Columbia,11801
41011,Oregon,Coos,13147
41013,Oregon,Crook,4836
41015,Oregon,Curry,4087
41017,Oregon,Deschutes,46920
41019,Oregon,Douglas,22916
41021,Oregon,Gilliam,385
41023,Oregon,Grant,1390
41025,Oregon,Harney,1568
41027,Oregon,Hood River,5851
41029,Oregon,Jackson,51346
41031,Oregon,Jefferson,5334
41033,Oregon,Josephine,17611
41035,Oregon,Klamath,15246
41037,Oregon,Lake,1679
41039,Oregon,Lane,90959
41041,Oregon,Lincoln,9356
41043,Oregon,Linn,30755
41045,Oregon,Malheur,7776
41047,Oregon,Marion,88326
41049,Oregon,Morrow,2485
41051,Oregon,Multnomah,279475
41053,Oregon,Polk,18740
41055,Oregon,Sherman,339
41057,Oregon,Tillamook,5480
41059,Oregon,Umatilla,20069
41061,Oregon,Union,5853
41063,Oregon,Wallowa,1412
41065,Oregon,Wasco,6143
41067,Oregon,Washington,177782
41069,Oregon,Wheeler,204
41071,Oregon,Yamhill,26019
42000,Pennsylvania,,3162970
42001,Pennsylvania,Adams,21997
42003,Pennsylvania,Allegheny,326920
42005,Pennsylvania,Armstrong,14453
42007,Pennsylvania,Beaver,37997
42009,Pennsylvania,Bedford,10214
42011,Pennsylvania,Berks,98852
42013,Pennsylvania,Blair,29141
42015,Pennsylvania,Bradford,13009
42017,Pennsylvania,Bucks,142222
42019,Pennsylvania,Butler,42914
42021,Pennsylvania,Cambria,28584
42023,Pennsylvania,Cameron,855
42025,Pennsylvania,Carbon,14296
42027,Pennsylvania,Centre,39631
42029,Pennsylvania,Chester,122780
42031,Pennsylvania,Clarion,8481
42033,Pennsylvania,Clearfield,19503
42035,Pennsylvania,Clinton,8314
42037,Pennsylvania,Columbia,13721
42039,Pennsylvania,Crawford,18757
42041,Pennsylvania,Cumberland,62485
42043,Pennsylvania,Dauphin,70300
42045,Pennsylvania,Delaware,139477
42047,Pennsylvania,Elk,6203
42049,Pennsylvania,Erie,66919
42051,Pennsylvania,Fayette,30954
42053,Pennsylvania,Forest,2877
42055,Pennsylvania,Franklin,36619
42057,Pennsylvania,Fulton,3212
42059,Pennsylvania,Greene,9126
42061,Pennsylvania,Huntingdon,10893
42063,Pennsylvania,Indiana,17307
42065,Pennsylvania,Jefferson,9866
42067,Pennsylvania,Juniata,5547
42069,Pennsylvania,Lackawanna,50152
42071,Pennsylvania,Lancaster,130720
42073,Pennsylvania,Lawrence,18768
42075,Pennsylvania,Lebanon,32209
42077,Pennsylvania,Lehigh,91848
42079,Pennsylvania,Luzerne,75992
42081,Pennsylvania,Lycoming,27769
42083,Pennsylvania,McKean,9871
42085,Pennsylvania,Mercer,23470
42087,Pennsylvania,Mifflin,10022
42089,Pennsylvania,Monroe,36250
42091,Pennsylvania,Montgomery,204279
42093,Pennsylvania,Montour,4516
42095,Pennsylvania,Northampton,70616
42097,Pennsylvania,Northumberland,21852
42099,Pennsylvania,Perry,10722
42101,Pennsylvania,Philadelphia,487364
42103,Pennsylvania,Pike,11133
42105,Pennsylvania,Potter,3335
42107,Pennsylvania,Schuylkill,34628
42109,Pennsylvania,Snyder,8937
42111,Pennsylvania,Somerset,17419
42113,Pennsylvania,Sullivan,1181
42115,Pennsylvania,Susquehanna,8322
42117,Pennsylvania,Tioga,8957
42119,Pennsylvania,Union,11054
42121,Pennsylvania,Venango,11038
42123,Pennsylvania,Warren,8273
42125,Pennsylvania,Washington,46588
42127,Pennsylvania,Wayne,11372
42129,Pennsylvania,Westmoreland,75596
42131,Pennsylvania,Wyoming,6065
42133,Pennsylvania,York,108226
44000,Rhode Island,,266288
44001,Rhode Island,Bristol,10164
44003,Rhode Island,Kent,40758
44005,Rhode Island,Newport,19131
44007,Rhode Island,Providence,172593
44009,Rhode Island,Washington,23642
45000,South Carolina,,1252738
45001,South Carolina,Abbeville,5209
45003,South Carolina,Aiken,40555
45005,South Carolina,Allendale,2240
45007,South Carolina,Anderson,46882
45009,South Carolina,Bamberg,2946
45011,South Carolina,Barnwell,4647
45013,South Carolina,Beaufort,39347
45015,South Carolina,Berkeley,58190
45017,South Carolina,Calhoun,3190
45019,South Carolina,Charleston,118040
45021,South Carolina,Cherokee,13890
45023,South Carolina,Chester,7343
45025,South Carolina,Chesterfield,10711
45027,South Carolina,Clarendon,7236
45029,South Carolina,Colleton,8603
45031,South Carolina,Darlington,15625
45033,South Carolina,Dillon,7481
45035,South Carolina,Dorchester,42845
45037,South Carolina,Edgefield,6876
45039,South Carolina,Fairfield,4724
45041,South Carolina,Florence,34813
45043,South Carolina,Georgetown,11947
45045,South Carolina,Greenville,133217
45047,South Carolina,Greenwood,16734
45049,South Carolina,Hampton,5084
45051,South Carolina,Horry,74905
45053,South Carolina,Jasper,7474
45055,South Carolina,Kershaw,15136
45057,South Carolina,Lancaster,22670
45059,South Carolina,Laurens,15363
45061,South Carolina,Lee,4208
45063,South Carolina,Lexington,75874
45065,South Carolina,McCormick,2037
45067,South Carolina,Marion,7242
45069,South Carolina,Marlboro,7427
45071,South Carolina,Newberry,8664
45073,South Carolina,Oconee,16636
45075,South Carolina,Orangeburg,19442
45077,South Carolina,Pickens,27779
45079,South Carolina,Richland,110666
45081,South Carolina,Saluda,4592
45083,South Carolina,Spartanburg,76257
45085,South Carolina,Sumter,26615
45087,South Carolina,Union,6190
45089,South Carolina,Williamsburg,7378
45091,South Carolina,York,67808
46000,South Dakota,,213892
46003,South Dakota,Aurora,609
46005,South Dakota,Beadle,4598
46007,South Dakota,Bennett,761
46009,South Dakota,Bon Homme,1721
46011,South Dakota,Brookings,7937
46013,South Dakota,Brown,9445
46015,South Dakota,Brule,1089
46017,South Dakota,Buffalo,455
46019,South Dakota,Butte,2209
46021,South Dakota,Campbell,245
46023,South Dakota,Charles Mix,1848
46025,South Dakota,Clark,770
46027,South Dakota,Clay,2966
46029,South Dakota,Codington,6903
46031,South Dakota,Corson,948
46033,South Dakota,Custer,1490
46035,South Dakota,Davison,4906
46037,South Dakota,Day,1022
46039,South Dakota,Deuel,898
46041,South Dakota,Dewey,1305
46043,South Dakota,Douglas,519
46045,South Dakota,Edmunds,810
46047,South Dakota,Fall River,1146
46049,South Dakota,Faulk,397
46051,South Dakota,Grant,1565
46053,South Dakota,Gregory,831
46055,South Dakota,Haakon,396
46057,South Dakota,Hamlin,1292
46059,South Dakota,Hand,639
46061,South Dakota,Hanson,730
46063,South Dakota,Harding,309
46065,South Dakota,Hughes,4594
46067,South Dakota,Hutchinson,1423
46069,South Dakota,Hyde,240
46071,South Dakota,Jackson,657
46073,South Dakota,Jerauld,369
46075,South Dakota,Jones,114
46077,South Dakota,Kingsbury,1025
46079,South Dakota,Lake,2488
46081,South Dakota,Lawrence,5603
46083,South Dakota,Lincoln,16402
46085,South Dakota,Lyman,882
46087,South Dakota,McCook,1174
46089,South Dakota,McPherson,465
46091,South Dakota,Marshall,1044
46093,South Dakota,Meade,7217
46095,South Dakota,Mellette,433
46097,South Dakota,Miner,462
46099,South Dakota,Minnehaha,53718
46101,South Dakota,Moody,1398
46102,South Dakota,Oglala Lakota,3608
46103,South Dakota,Pennington,27748
46105,South Dakota,Perkins,557
46107,South Dakota,Potter,394
46109,South Dakota,Roberts,2013
46111,South Dakota,Sanborn,538
46115,South Dakota,Spink,1320
46117,South Dakota,Stanley,701
46119,South Dakota,Sully,232
46121,South Dakota,Todd,2449
46123,South Dakota,Tripp,1046
46125,South Dakota,Turner,1832
46127,South Dakota,Union,3712
46129,South Dakota,Walworth,1242
46135,South Dakota,Yankton,5326
46137,South Dakota,Ziebach,707
47000,Tennessee,,1731187
47001,Tennessee,Anderson,17800
47003,Tennessee,Bedford,12185
47005,Tennessee,Benton,3276
47007,Tennessee,Bledsoe,4045
47009,Tennessee,Blount,30155
47011,Tennessee,Bradley,26099
47013,Tennessee,Campbell,9318
47015,Tennessee,Cannon,3446
47017,Tennessee,Carroll,6238
47019,Tennessee,Carter,13458
47021,Tennessee,Cheatham,10127
47023,Tennessee,Chester,3880
47025,Tennessee,Claiborne,7597
47027,Tennessee,Clay,1510
47029,Tennessee,Cocke,7794
47031,Tennessee,Coffee,13246
47033,Tennessee,Crockett,3391
47035,Tennessee,Cumberland,11396
47037,Tennessee,Davidson,228586
47039,Tennessee,Decatur,2426
47041,Tennessee,DeKalb,4884
47043,Tennessee,Dickson,13021
47045,Tennessee,Dyer,8983
47047,Tennessee,Fayette,8926
47049,Tennessee,Fentress,3739
47051,Tennessee,Franklin,9202
47053,Tennessee,Gibson,11610
47055,Tennessee,Giles,6456
47057,Tennessee,Grainger,5142
47059,Tennessee,Greene,15442
47061,Tennessee,Grundy,3045
47063,Tennessee,Hamblen,15227
47065,Tennessee,Hamilton,95125
47067,Tennessee,Hancock,1530
47069,Tennessee,Hardeman,6811
47071,Tennessee,Hardin,5583
47073,Tennessee,Hawkins,12767
47075,Tennessee,Haywood,4176
47077,Tennessee,Henderson,6758
47079,Tennessee,Henry,7010
47081,Tennessee,Hickman,6291
47083,Tennessee,Houston,1833
47085,Tennessee,Humphreys,4354
47087,Tennessee,Jackson,2520
47089,Tennessee,Jefferson,11983
47091,Tennessee,Johnson,4465
47093,Tennessee,Knox,118318
47095,Tennessee,Lake,2429
47097,Tennessee,Lauderdale,7045
47099,Tennessee,Lawrence,9934
47101,Tennessee,Lewis,2643
47103,Tennessee,Lincoln,7705
47105,Tennessee,Loudon,10462
47107,Tennessee,McMinn,12420
47109,Tennessee,McNairy,5904
47111,Tennessee,Macon,5786
47113,Tennessee,Madison,23518
47115,Tennessee,Marion,6724
47117,Tennessee,Marshall,8209
47119,Tennessee,Maury,23646
47121,Tennessee,Meigs,2633
47123,Tennessee,Monroe,10311
47125,Tennessee,Montgomery,63691
47127,Tennessee,Moore,1355
47129,Tennessee,Morgan,5962
47131,Tennessee,Obion,6885
47133,Tennessee,Overton,4948
47135,Tennessee,Perry,1794
47137,Tennessee,Pickett,980
47139,Tennessee,Polk,3719
47141,Tennessee,Putnam,18207
47143,Tennessee,Rhea,7510
47145,Tennessee,Roane,11198
47147,Tennessee,Robertson,17783
47149,Tennessee,Rutherford,88514
47151,Tennessee,Scott,5535
47153,Tennessee,Sequatchie,3505
47155,Tennessee,Sevier,22935
47157,Tennessee,Shelby,254212
47159,Tennessee,Smith,4518
47161,Tennessee,Stewart,2944
47163,Tennessee,Sullivan,35632
47165,Tennessee,Sumner,46269
47167,Tennessee,Tipton,15544
47169,Tennessee,Trousdale,2823
47171,Tennessee,Unicoi,3838
47173,Tennessee,Union,4563
47175,Tennessee,Van Buren,1234
47177,Tennessee,Warren,10068
47179,Tennessee,Washington,31009
47181,Tennessee,Wayne,4376
47183,Tennessee,Weakley,7100
47185,Tennessee,White,6042
47187,Tennessee,Williamson,52242
47189,Tennessee,Wilson,33709
48000,Texas,,7861879
48001,Texas,Anderson,18726
48003,Texas,Andrews,4873
48005,Texas,Angelina,21780
48007,Texas,Aransas,4493
48009,Texas,Archer,1857
48011,Texas,Armstrong,403
48013,Texas,Atascosa,12378
48015,Texas,Austin,6614
48017,Texas,Bailey,1866
48019,Texas,Bandera,4011
48021,Texas,Bastrop,19718
48023,Texas,Baylor,626
48025,Texas,Bee,10466
48027,Texas,Bell,102139
48029,Texas,Bexar,563419
48031,Texas,Blanco,2120
48033,Texas,Borden,151
48035,Texas,Bosque,3558
48037,Texas,Bowie,25068
48039,Texas,Brazoria,101540
48041,Texas,Brazos,58658
48043,Texas,Brewster,2383
48045,Texas,Briscoe,299
48047,Texas,Brooks,1632
48049,Texas,Brown,8625
48051,Texas,Burleson,3986
48053,Texas,Burnet,9711
48055,Texas,Caldwell,10636
48057,Texas,Calhoun,5325
48059,Texas,Callahan,2994
48061,Texas,Cameron,103675
48063,Texas,Camp,2718
48065,Texas,Carson,1410
48067,Texas,Cass,6470
48069,Texas,Castro,1748
48071,Texas,Chambers,10775
48073,Texas,Cherokee,12186
48075,Texas,Childress,2691
48077,Texas,Clay,2138
48079,Texas,Cochran,793
48081,Texas,Coke,638
48083,Texas,Coleman,1811
48085,Texas,Collin,272683
48087,Texas,Collingsworth,704
48089,Texas,Colorado,4287
48091,Texas,Comal,31185
48093,Texas,Comanche,2716
48095,Texas,Concho,1090
48097,Texas,Cooke,9044
48099,Texas,Coryell,25300
48101,Texas,Cottle,259
48103,Texas,Crane,1213
48105,Texas,Crockett,892
48107,Texas,Crosby,1368
48109,Texas,Culberson,547
48111,Texas,Dallam,1823
48113,Texas,Dallas,780820
48115,Texas,Dawson,3787
48117,Texas,Deaf Smith,4686
48119,Texas,Delta,1057
48121,Texas,Denton,245526
48123,Texas,DeWitt,5285
48125,Texas,Dickens,523
48127,Texas,Dimmit,2801
48129,Texas,Donley,648
48131,Texas,Duval,2730
48133,Texas,Eastland,3819
48135,Texas,Ector,45939
48137,Texas,Edwards,303
48139,Texas,Ellis,43706
48141,Texas,El Paso,228163
48143,Texas,Erath,9229
48145,Texas,Falls,4380
48147,Texas,Fannin,8204
48149,Texas,Fayette,4935
48151,Texas,Fisher,824
48153,Texas,Floyd,1414
48155,Texas,Foard,268
48157,Texas,Fort Bend,204612
48159,Texas,Franklin,2195
48161,Texas,Freestone,5107
48163,Texas,Frio,5938
48165,Texas,Gaines,5251
48167,Texas,Galveston,86556
48169,Texas,Garza,2247
48171,Texas,Gillespie,4733
48173,Texas,Glasscock,351
48175,Texas,Goliad,1428
48177,Texas,Gonzales,4735
48179,Texas,Gray,6140
48181,Texas,Grayson,30554
48183,Texas,Gregg,31829
48185,Texas,Grimes,6781
48187,Texas,Guadalupe,41323
48189,Texas,Hale,8684
48191,Texas,Hall,581
48193,Texas,Hamilton,1725
48195,Texas,Hansford,1394
48197,Texas,Hardeman,866
48199,Texas,Hardin,14049
48201,Texas,Harris,1404708
48203,Texas,Harrison,15966
48205,Texas,Hartley,2146
48207,Texas,Haskell,1449
48209,Texas,Hays,55632
48211,Texas,Hemphill,1000
48213,Texas,Henderson,17258
48215,Texas,Hidalgo,222503
48217,Texas,Hill,7651
48219,Texas,Hockley,5752
48221,Texas,Hood,11555
48223,Texas,Hopkins,8576
48225,Texas,Houston,5433
48227,Texas,Howard,10786
48229,Texas,Hudspeth,995
48231,Texas,Hunt,22117
48233,Texas,Hutchinson,5347
48235,Texas,Irion,262
48237,Texas,Jack,2328
48239,Texas,Jackson,3633
48241,Texas,Jasper,7732
48243,Texas,Jeff Davis,340
48245,Texas,Jefferson,69823
48247,Texas,Jim Hogg,1094
48249,Texas,Jim Wells,10396
48251,Texas,Johnson,42094
48253,Texas,Jones,6645
48255,Texas,Karnes,4887
48257,Texas,Kaufman,32303
48259,Texas,Kendall,9059
48261,Texas,Kenedy,142
48263,Texas,Kent,120
48265,Texas,Kerr,10015
48267,Texas,Kimble,679
48269,Texas,King,44
48271,Texas,Kinney,970
48273,Texas,Kleberg,7636
48275,Texas,Knox,697
48277,Texas,Lamar,11588
48279,Texas,Lamb,3019
48281,Texas,Lampasas,4786
48283,Texas,La Salle,2386
48285,Texas,Lavaca,4001
48287,Texas,Lee,3793
48289,Texas,Leon,3469
48291,Texas,Liberty,21975
48293,Texas,Limestone,5687
48295,Texas,Lipscomb,869
48297,Texas,Live Oak,3314
48299,Texas,Llano,3235
48301,Texas,Loving,22
48303,Texas,Lubbock,78748
48305,Texas,Lynn,1382
48307,Texas,McCulloch,1723
48309,Texas,McLennan,59960
48311,Texas,McMullen,207
48313,Texas,Madison,4610
48315,Texas,Marion,1927
48317,Texas,Martin,1247
48319,Texas,Mason,761
48321,Texas,Matagorda,8651
48323,Texas,Maverick,14401
48325,Texas,Medina,11746
48327,Texas,Menard,475
48329,Texas,Midland,49860
48331,Texas,Milam,5084
48333,Texas,Mills,685
48335,Texas,Mitchell,2772
48337,Texas,Montague,4115
48339,Texas,Montgomery,146465
48341,Texas,Moore,5619
48343,Texas,Morris,2873
48345,Texas,Motley,250
48347,Texas,Nacogdoches,14337
48349,Texas,Navarro,11226
48351,Texas,Newton,2943
48353,Texas,Nolan,3241
48355,Texas,Nueces,97577
48357,Texas,Ochiltree,2932
48359,Texas,Oldham,395
48361,Texas,Orange,20896
48363,Texas,Palo Pinto,6285
48365,Texas,Panola,5565
48367,Texas,Parker,30935
48369,Texas,Parmer,2450
48371,Texas,Pecos,4752
48373,Texas,Polk,11225
48375,Texas,Potter,34108
48377,Texas,Presidio,1436
48379,Texas,Rains,2369
48381,Texas,Randall,36163
48383,Texas,Reagan,1111
48385,Texas,Real,512
48387,Texas,Red River,2597
48389,Texas,Reeves,4726
48391,Texas,Refugio,1504
48393,Texas,Roberts,172
48395,Texas,Robertson,3608
48397,Texas,Rockwall,24869
48399,Texas,Runnels,2206
48401,Texas,Rusk,14108
48403,Texas,Sabine,1840
48405,Texas,San Augustine,1529
48407,Texas,San Jacinto,5983
48409,Texas,San Patricio,17251
48411,Texas,San Saba,1529
48413,Texas,Schleicher,761
48415,Texas,Scurry,4693
48417,Texas,Shackelford,677
48419,Texas,Shelby,5796
48421,Texas,Sherman,790
48423,Texas,Smith,56699
48425,Texas,Somervell,1976
48427,Texas,Starr,15932
48429,Texas,Stephens,2317
48431,Texas,Sterling,215
48433,Texas,Stonewall,185
48435,Texas,Sutton,1061
48437,Texas,Swisher,2109
48439,Texas,Tarrant,578496
48441,Texas,Taylor,34939
48443,Texas,Terrell,201
48445,Texas,Terry,3230
48447,Texas,Throckmorton,292
48449,Texas,Titus,7924
48451,Texas,Tom Green,31324
48453,Texas,Travis,431643
48455,Texas,Trinity,2770
48457,Texas,Tyler,5011
48459,Texas,Upshur,9089
48461,Texas,Upton,874
48463,Texas,Uvalde,6601
48465,Texas,Val Verde,12723
48467,Texas,Van Zandt,11759
48469,Texas,Victoria,23668
48471,Texas,Walker,19820
48473,Texas,Waller,10868
48475,Texas,Ward,3028
48477,Texas,Washington,7100
48479,Texas,Webb,72025
48481,Texas,Wharton,9671
48483,Texas,Wheeler,1385
48485,Texas,Wichita,34768
48487,Texas,Wilbarger,3363
48489,Texas,Willacy,6278
48491,Texas,Williamson,159573
48493,Texas,Wilson,11342
48495,Texas,Winkler,1919
48497,Texas,Wise,15781
48499,Texas,Wood,8340
48501,Texas,Yoakum,2246
48503,Texas,Young,4061
48505,Texas,Zapata,3454
48507,Texas,Zavala,2899
49000,Utah,,860275
49001,Utah,Beaver,1563
49003,Utah,Box Elder,13261
49005,Utah,Cache,31140
49007,Utah,Carbon,4876
49009,Utah,Daggett,111
49011,Utah,Davis,97550
49013,Utah,Duchesne,5442
49015,Utah,Emery,2337
49017,Utah,Garfield,1133
49019,Utah,Grand,2533
49021,Utah,Iron,12206
49023,Utah,Juab,2777
49025,Utah,Kane,1574
49027,Utah,Millard,2819
49029,Utah,Morgan,2588
49031,Utah,Piute,421
49033,Utah,Rich,441
49035,Utah,Salt Lake,347421
49037,Utah,San Juan,3547
49039,Utah,Sanpete,7261
49041,Utah,Sevier,5104
49043,Utah,Summit,10131
49045,Utah,Tooele,18544
49047,Utah,Uintah,10330
49049,Utah,Utah,157743
49051,Utah,Wasatch,8215
49053,Utah,Washington,37107
49055,Utah,Wayne,606
49057,Utah,Weber,71494
50000,Vermont,,143364
50001,Vermont,Addison,7637
50003,Vermont,Bennington,6796
50005,Vermont,Caledonia,6743
50007,Vermont,Chittenden,41144
50009,Vermont,Essex,1157
50011,Vermont,Franklin,12363
50013,Vermont,Grand Isle,1459
50015,Vermont,Lamoille,6419
50017,Vermont,Orange,6299
50019,Vermont,Orleans,5987
50021,Vermont,Rutland,12320
50023,Vermont,Washington,13584
50025,Vermont,Windham,9277
50027,Vermont,Windsor,12179
51000,Virginia,,2266739
51001,Virginia,Accomack,6916
51003,Virginia,Albemarle,25901
51005,Virginia,Alleghany,3153
51007,Virginia,Amelia,2561
51009,Virginia,Amherst,6943
51011,Virginia,Appomattox,3587
51013,Virginia,Arlington,97129
51015,Virginia,Augusta,17199
51017,Virginia,Bath,1087
51019,Virginia,Bedford,16032
51021,Virginia,Bland,1638
51023,Virginia,Botetourt,6608
51025,Virginia,Brunswick,4190
51027,Virginia,Buchanan,5159
51029,Virginia,Buckingham,4459
51031,Virginia,Campbell,13612
51033,Virginia,Caroline,7516
51035,Virginia,Carroll,6339
51036,Virginia,Charles City,1357
51037,Virginia,Charlotte,2384
51041,Virginia,Chesterfield,85728
51043,Virginia,Clarke,2762
51045,Virginia,Craig,1177
51047,Virginia,Culpeper,12333
51049,Virginia,Cumberland,2044
51051,Virginia,Dickenson,3578
51053,Virginia,Dinwiddie,6911
51057,Virginia,Essex,2155
51059,Virginia,Fairfax,321468
51061,Virginia,Fauquier,15841
51063,Virginia,Floyd,3352
51065,Virginia,Fluvanna,6596
51067,Virginia,Franklin,11399
51069,Virginia,Frederick,20835
51071,Virginia,Giles,3816
51073,Virginia,Gloucester,8589
51075,Virginia,Goochland,4543
51077,Virginia,Grayson,3474
51079,Virginia,Greene,4907
51081,Virginia,Greensville,3740
51083,Virginia,Halifax,7153
51085,Virginia,Hanover,22814
51087,Virginia,Henrico,90238
51089,Virginia,Henry,10570
51091,Virginia,Highland,345
51093,Virginia,Isle of Wight,8221
51095,Virginia,James City,15137
51097,Virginia,King and Queen,1566
51099,Virginia,King George,6709
51101,Virginia,King William,3990
51103,Virginia,Lancaster,1726
51105,Virginia,Lee,6157
51107,Virginia,Loudoun,113840
51109,Virginia,Louisa,8119
51111,Virginia,Lunenburg,2823
51113,Virginia,Madison,2922
51115,Virginia,Mathews,1477
51117,Virginia,Mecklenburg,6152
51119,Virginia,Middlesex,1742
51121,Virginia,Montgomery,23999
51125,Virginia,Nelson,2930
51127,Virginia,New Kent,5117
51131,Virginia,Northampton,2324
51133,Virginia,Northumberland,1939
51135,Virginia,Nottoway,3852
51137,Virginia,Orange,8228
51139,Virginia,Page,5411
51141,Virginia,Patrick,3488
51143,Virginia,Pittsylvania,13180
51145,Virginia,Powhatan,6768
51147,Virginia,Prince Edward,4254
51149,Virginia,Prince George,11605
51153,Virginia,Prince William,133359
51155,Virginia,Pulaski,7744
51157,Virginia,Rappahannock,1402
51159,Virginia,Richmond,2181
51161,Virginia,Roanoke,21706
51163,Virginia,Rockbridge,4653
51165,Virginia,Rockingham,17966
51167,Virginia,Russell,6333
51169,Virginia,Scott,4935
51171,Virginia,Shenandoah,9455
51173,Virginia,Smyth,7196
51175,Virginia,Southampton,3736
51177,Virginia,Spotsylvania,33353
51179,Virginia,Stafford,38887
51181,Virginia,Surry,1216
51183,Virginia,Sussex,3487
51185,Virginia,Tazewell,9737
51187,Virginia,Warren,9415
51191,Virginia,Washington,12062
51193,Virginia,Westmoreland,3792
51195,Virginia,Wise,10230
51197,Virginia,Wythe,6713
51199,Virginia,York,16565
51510,Virginia,Alexandria City,63661
51520,Virginia,Bristol City,4288
51530,Virginia,Buena Vista City,1273
51540,Virginia,Charlottesville City,15272
51550,Virginia,Chesapeake City,65515
51570,Virginia,Colonial Heights City,4223
51580,Virginia,Covington City,1401
51590,Virginia,Danville City,9477
51595,Virginia,Emporia City,1374
51600,Virginia,Fairfax City,6561
51610,Virginia,Falls Church City,3624
51620,Virginia,Franklin City,1980
51630,Virginia,Fredericksburg City,8298
51640,Virginia,Galax City,1598
51650,Virginia,Hampton City,35913
51660,Virginia,Harrisonburg City,13400
51670,Virginia,Hopewell City,5779
51678,Virginia,Lexington City,696
51680,Virginia,Lynchburg City,17781
51683,Virginia,Manassas City,12438
51685,Virginia,Manassas Park City,5534
51690,Virginia,Martinsville City,2964
51700,Virginia,Newport News City,51873
51710,Virginia,Norfolk City,74997
51720,Virginia,Norton City,1117
51730,Virginia,Petersburg City,8190
51735,Virginia,Poquoson City,2656
51740,Virginia,Portsmouth City,26587
51750,Virginia,Radford City,3262
51760,Virginia,Richmond City,73242
51770,Virginia,Roanoke City,28120
51775,Virginia,Salem City,5485
51790,Virginia,Staunton City,6189
51800,Virginia,Suffolk City,23649
51810,Virginia,Virginia Beach City,133075
51820,Virginia,Waynesboro City,5766
51830,Virginia,Williamsburg City,2613
51840,Virginia,Winchester City,6931
53000,Washington,,2042551
53001,Washington,Adams,4638
53003,Washington,Asotin,4904
53005,Washington,Benton,50064
53007,Washington,Chelan,17813
53009,Washington,Clallam,15165
53011,Washington,Clark,122605
53013,Washington,Columbia,820
53015,Washington,Cowlitz,24650
53017,Washington,Douglas,9908
53019,Washington,Ferry,1492
53021,Washington,Franklin,26478
53023,Washington,Garfield,500
53025,Washington,Grant,23811
53027,Washington,Grays Harbor,16717
53029,Washington,Island,19220
53031,Washington,Jefferson,5167
53033,Washington,King,705534
53035,Washington,Kitsap,67007
53037,Washington,Kittitas,9681
53039,Washington,Klickitat,4584
53041,Washington,Lewis,17828
53043,Washington,Lincoln,1989
53045,Washington,Mason,14110
53047,Washington,Okanogan,9060
53049,Washington,Pacific,3936
53051,Washington,Pend Oreille,2386
53053,Washington,Pierce,243188
53055,Washington,San Juan,2931
53057,Washington,Skagit,29583
53059,Washington,Skamania,2523
53061,Washington,Snohomish,224777
53063,Washington,Spokane,133353
53065,Washington,Stevens,8289
53067,Washington,Thurston,75722
53069,Washington,Wahkiakum,604
53071,Washington,Walla Walla,14314
53073,Washington,Whatcom,53938
53075,Washington,Whitman,10947
53077,Washington,Yakima,62315
54000,West Virginia,,439010
54001,West Virginia,Barbour,3584
54003,West Virginia,Berkeley,30673
54005,West Virginia,Boone,5415
54007,West Virginia,Braxton,3201
54009,West Virginia,Brooke,4733
54011,West Virginia,Cabell,23218
54013,West Virginia,Calhoun,1556
54015,West Virginia,Clay,1922
54017,West Virginia,Doddridge,2086
54019,West Virginia,Fayette,10554
54021,West Virginia,Gilmer,2203
54023,West Virginia,Grant,2461
54025,West Virginia,Greenbrier,8168
54027,West Virginia,Hampshire,4938
54029,West Virginia,Hancock,6546
54031,West Virginia,Hardy,3031
54033,West Virginia,Harrison,16609
54035,West Virginia,Jackson,6655
54037,West Virginia,Jefferson,13683
54039,West Virginia,Kanawha,45404
54041,West Virginia,Lewis,3794
54043,West Virginia,Lincoln,5041
54045,West Virginia,Logan,8350
54047,West Virginia,McDowell,4523
54049,West Virginia,Marion,13188
54051,West Virginia,Marshall,7187
54053,West Virginia,Mason,6278
54055,West Virginia,Mercer,14115
54057,West Virginia,Mineral,5967
54059,West Virginia,Mingo,5950
54061,West Virginia,Monongalia,30369
54063,West Virginia,Monroe,2892
54065,West Virginia,Morgan,3609
54067,West Virginia,Nicholas,5807
54069,West Virginia,Ohio,9488
54071,West Virginia,Pendleton,1320
54073,West Virginia,Pleasants,1885
54075,West Virginia,Pocahontas,1849
54077,West Virginia,Preston,8902
54079,West Virginia,Putnam,14152
54081,West Virginia,Raleigh,18933
54083,West Virginia,Randolph,6835
54085,West Virginia,Ritchie,2098
54087,West Virginia,Roane,3073
54089,West Virginia,Summers,3049
54091,West Virginia,Taylor,4173
54093,West Virginia,Tucker,1463
54095,West Virginia,Tyler,1863
54097,West Virginia,Upshur,5396
54099,West Virginia,Wayne,9409
54101,West Virginia,Webster,1777
54103,West Virginia,Wetzel,3307
54105,West Virginia,Wirt,1246
54107,West Virginia,Wood,19987
54109,West Virginia,Wyoming,5095
55000,Wisconsin,,1424248
55001,Wisconsin,Adams,3847
55003,Wisconsin,Ashland,3324
55005,Wisconsin,Barron,9932
55007,Wisconsin,Bayfield,2567
55009,Wisconsin,Brown,68075
55011,Wisconsin,Buffalo,2786
55013,Wisconsin,Burnett,2642
55015,Wisconsin,Calumet,11961
55017,Wisconsin,Chippewa,15573
55019,Wisconsin,Clark,7129
55021,Wisconsin,Columbia,13770
55023,Wisconsin,Crawford,3364
55025,Wisconsin,Dane,151506
55027,Wisconsin,Dodge,21671
55029,Wisconsin,Door,5278
55031,Wisconsin,Douglas,10606
55033,Wisconsin,Dunn,9819
55035,Wisconsin,Eau Claire,25272
55037,Wisconsin,Florence,769
55039,Wisconsin,Fond du Lac,24014
55041,Wisconsin,Forest,1743
55043,Wisconsin,Grant,10676
55045,Wisconsin,Green,8548
55047,Wisconsin,Green Lake,3822
55049,Wisconsin,Iowa,5336
55051,Wisconsin,Iron,1011
55053,Wisconsin,Jackson,4915
55055,Wisconsin,Jefferson,20340
55057,Wisconsin,Juneau,6079
55059,Wisconsin,Kenosha,42628
55061,Wisconsin,Kewaunee,4474
55063,Wisconsin,La Crosse,28033
55065,Wisconsin,Lafayette,3652
55067,Wisconsin,Langlade,3799
55069,Wisconsin,Lincoln,5810
55071,Wisconsin,Manitowoc,17487
55073,Wisconsin,Marathon,32525
55075,Wisconsin,Marinette,8145
55077,Wisconsin,Marquette,2859
55078,Wisconsin,Menominee,972
55079,Wisconsin,Milwaukee,276585
55081,Wisconsin,Monroe,10736
55083,Wisconsin,Oconto,7931
55085,Wisconsin,Oneida,6753
55087,Wisconsin,Outagamie,48271
55089,Wisconsin,Ozaukee,18303
55091,Wisconsin,Pepin,1461
55093,Wisconsin,Pierce,9221
55095,Wisconsin,Polk,9236
55097,Wisconsin,Portage,15892
55099,Wisconsin,Price,2439
55101,Wisconsin,Racine,46622
55103,Wisconsin,Richland,3526
55105,Wisconsin,Rock,39488
55107,Wisconsin,Rusk,2585
55109,Wisconsin,St. Croix,22283
55111,Wisconsin,Sauk,15368
55113,Wisconsin,Sawyer,2962
55115,Wisconsin,Shawano,8734
55117,Wisconsin,Sheboygan,27592
55119,Wisconsin,Taylor,4250
55121,Wisconsin,Trempealeau,6718
55123,Wisconsin,Vernon,6109
55125,Wisconsin,Vilas,3571
55127,Wisconsin,Walworth,22368
55129,Wisconsin,Washburn,2898
55131,Wisconsin,Washington,30713
55133,Wisconsin,Waukesha,89815
55135,Wisconsin,Waupaca,11164
55137,Wisconsin,Waushara,4874
55139,Wisconsin,Winnebago,42626
55141,Wisconsin,Wood,16395
56000,Wyoming,,151920
56001,Wyoming,Albany,9968
56003,Wyoming,Big Horn,2516
56005,Wyoming,Campbell,14519
56007,Wyoming,Carbon,4137
56009,Wyoming,Converse,3242
56011,Wyoming,Crook,1543
56013,Wyoming,Fremont,9326
56015,Wyoming,Goshen,3000
56017,Wyoming,Hot Springs,1021
56019,Wyoming,Johnson,1763
56021,Wyoming,Laramie,26255
56023,Wyoming,Lincoln,4413
56025,Wyoming,Natrona,22657
56027,Wyoming,Niobrara,604
56029,Wyoming,Park,6487
56031,Wyoming,Platte,1723
56033,Wyoming,Sheridan,7131
56035,Wyoming,Sublette,2519
56037,Wyoming,Sweetwater,12573
56039,Wyoming,Teton,7972
56041,Wyoming,Uinta,5152
56043,Wyoming,Washakie,1767
56045,Wyoming,Weston,1632
